player_id,player_name,position
00-0000003,,RB
00-0000007,,RB
00-0000104,,QB
00-0000145,,WR
00-0000166,,TE
00-0000172,,WR
00-0000210,,RB
00-0000232,,RB
00-0000242,,TE
00-0000251,,FB
00-0000279,,RB
00-0000316,,RB
00-0000339,,FB
00-0000387,,WR
00-0000422,,WR
00-0000541,,RB
00-0000552,,RB
00-0000627,,WR
00-0000721,,RB
00-0000722,,QB
00-0000745,,RB
00-0000765,,WR
00-0000856,,RB
00-0000865,,QB
00-0000869,,WR
00-0000871,,RB
00-0000872,,WR
00-0000883,,TE
00-0000911,,TE
00-0000942,,RB
00-0000969,,WR
00-0001102,,FB
00-0001103,,RB
00-0001112,,RB
00-0001215,,RB
00-0001218,,QB
00-0001224,,RB
00-0001233,,RB
00-0001281,,TE
00-0001317,,WR
00-0001335,,QB
00-0001361,,QB
00-0001471,,QB
00-0001477,,WR
00-0001525,,RB
00-0001532,,WR
00-0001582,,WR
00-0001627,,WR
00-0001661,,TE
00-0001719,,WR
00-0001766,,TE
00-0001783,,WR
00-0001785,,QB
00-0001842,,WR
00-0001862,,TE
00-0001907,,QB
00-0001919,,TE
00-0001938,,RB
00-0002005,,WR
00-0002027,,FB
00-0002058,,WR
00-0002068,,WR
00-0002099,,WR
00-0002102,,TE
00-0002110,,QB
00-0002380,,RB
00-0002459,,RB
00-0002469,,WR
00-0002544,,WR
00-0002565,,TE
00-0002586,,TE
00-0002701,,WR
00-0002713,,RB
00-0002721,,WR
00-0002743,,RB
00-0002787,,QB
00-0002846,,FB
00-0002861,,TE
00-0002873,,RB
00-0002876,,QB
00-0002942,,WR
00-0002958,,TE
00-0002962,,WR
00-0002970,,FB
00-0002985,,TE
00-0003035,,TE
00-0003039,,TE
00-0003103,,TE
00-0003128,,TE
00-0003136,,RB
00-0003142,,TE
00-0003175,,WR
00-0003266,,TE
00-0003271,,RB
00-0003292,,QB
00-0003310,,TE
00-0003344,,RB
00-0003378,,WR
00-0003395,,K
00-0003396,,WR
00-0003400,,TE
00-0003441,,WR
00-0003535,,QB
00-0003557,,QB
00-0003610,,FB
00-0003663,,RB
00-0003681,,TE
00-0003700,,WR
00-0003715,,TE
00-0003739,,QB
00-0003761,,QB
00-0003803,,TE
00-0003944,,WR
00-0004004,,TE
00-0004052,,RB
00-0004054,,RB
00-0004060,,RB
00-0004063,,TE
00-0004071,,WR
00-0004077,,WR
00-0004079,,WR
00-0004091,P.Dawson,K
00-0004161,,QB
00-0004172,,TE
00-0004200,,RB
00-0004229,,QB
00-0004230,,QB
00-0004293,,QB
00-0004294,,TE
00-0004304,,RB
00-0004386,,WR
00-0004463,,WR
00-0004524,,TE
00-0004541,,WR
00-0004574,,TE
00-0004634,,WR
00-0004640,,RB
00-0004673,,WR
00-0004694,,WR
00-0004705,,WR
00-0004768,,FB
00-0004780,,WR
00-0004824,,RB
00-0004871,,RB
00-0004888,,WR
00-0004915,,WR
00-0004916,,RB
00-0004972,,RB
00-0005060,,TE
00-0005091,,RB
00-0005092,,RB
00-0005101,,TE
00-0005106,,QB
00-0005110,,RB
00-0005180,,QB
00-0005231,,WR
00-0005324,,RB
00-0005348,,FB
00-0005361,,FB
00-0005363,,QB
00-0005379,,QB
00-0005562,,WR
00-0005589,,QB
00-0005600,,QB
00-0005616,,WR
00-0005620,,RB
00-0005668,,WR
00-0005720,,WR
00-0005741,,QB
00-0005755,,QB
00-0005779,,RB
00-0005794,,QB
00-0005816,,RB
00-0005822,,FB
00-0005883,,RB
00-0005885,,QB
00-0005902,,QB
00-0005903,,WR
00-0006043,,WR
00-0006047,,TE
00-0006100,,QB
00-0006101,,TE
00-0006133,,TE
00-0006155,,RB
00-0006210,,WR
00-0006212,,QB
00-0006299,,QB
00-0006300,,QB
00-0006305,,RB
00-0006322,,WR
00-0006324,,TE
00-0006331,,WR
00-0006359,,WR
00-0006380,,RB
00-0006410,,QB
00-0006423,,QB
00-0006431,,WR
00-0006456,,RB
00-0006482,,FB
00-0006627,,WR
00-0006666,,TE
00-0006803,,RB
00-0006804,,TE
00-0006808,,QB
00-0006848,,TE
00-0006877,,WR
00-0006949,,TE
00-0006977,,WR
00-0006994,,WR
00-0007024,,WR
00-0007091,,QB
00-0007093,,WR
00-0007103,,WR
00-0007120,,WR
00-0007144,,WR
00-0007254,,FB
00-0007357,,FB
00-0007389,,RB
00-0007436,,RB
00-0007468,,WR
00-0007520,,RB
00-0007530,,QB
00-0007546,,RB
00-0007579,,FB
00-0007661,,RB
00-0007681,,WR
00-0007744,,WR
00-0007749,,WR
00-0007795,,RB
00-0007798,,WR
00-0007832,,QB
00-0007835,,QB
00-0007924,,WR
00-0007969,,RB
00-0008044,,WR
00-0008046,,RB
00-0008059,,WR
00-0008060,,WR
00-0008156,,WR
00-0008190,,TE
00-0008196,,RB
00-0008210,,WR
00-0008224,,TE
00-0008229,,WR
00-0008241,,RB
00-0008300,,WR
00-0008313,,WR
00-0008329,,WR
00-0008346,,TE
00-0008391,,RB
00-0008400,,WR
00-0008430,,RB
00-0008442,,QB
00-0008454,,WR
00-0008529,,RB
00-0008560,,WR
00-0008561,,WR
00-0008568,,RB
00-0008570,,RB
00-0008572,,TE
00-0008575,,WR
00-0008598,,WR
00-0008612,,QB
00-0008660,,RB
00-0008704,,WR
00-0008723,,TE
00-0008749,,TE
00-0008751,,RB
00-0008763,,WR
00-0008903,,TE
00-0008907,,WR
00-0008921,,RB
00-0008962,,WR
00-0008970,,QB
00-0009007,,QB
00-0009038,,RB
00-0009119,,TE
00-0009163,,WR
00-0009165,,WR
00-0009237,,TE
00-0009266,,QB
00-0009288,,RB
00-0009311,,QB
00-0009323,,TE
00-0009417,,FB
00-0009443,,TE
00-0009451,,QB
00-0009550,,TE
00-0009599,,RB
00-0009738,,RB
00-0009819,,RB
00-0009829,,RB
00-0009842,,TE
00-0009868,,QB
00-0009869,,WR
00-0009960,,FB
00-0010007,,WR
00-0010092,,WR
00-0010107,,RB
00-0010137,,QB
00-0010146,,TE
00-0010194,,RB
00-0010202,,TE
00-0010240,,RB
00-0010292,,FB
00-0010333,,TE
00-0010346,,QB
00-0010379,,QB
00-0010436,,RB
00-0010442,,RB
00-0010477,,WR
00-0010500,,WR
00-0010539,,WR
00-0010560,,QB
00-0010598,,TE
00-0010599,,WR
00-0010650,,WR
00-0010668,,WR
00-0010747,,RB
00-0010762,,WR
00-0010796,,WR
00-0010824,,WR
00-0010843,,WR
00-0010859,,TE
00-0010892,,WR
00-0010942,,WR
00-0010951,,RB
00-0010994,,RB
00-0011022,,QB
00-0011024,,QB
00-0011044,,QB
00-0011068,,TE
00-0011081,,RB
00-0011151,,WR
00-0011187,,WR
00-0011213,,WR
00-0011224,,TE
00-0011236,,TE
00-0011244,,QB
00-0011276,,QB
00-0011328,,WR
00-0011333,,RB
00-0011341,,RB
00-0011378,,QB
00-0011392,,RB
00-0011399,,RB
00-0011425,,TE
00-0011434,,QB
00-0011488,,TE
00-0011506,,RB
00-0011524,,QB
00-0011551,,TE
00-0011568,,WR
00-0011601,,WR
00-0011640,,QB
00-0011675,,RB
00-0011718,,FB
00-0011727,,WR
00-0011754,,WR
00-0011770,,WR
00-0011795,,WR
00-0011854,,WR
00-0011869,,RB
00-0011932,,WR
00-0011958,,FB
00-0012261,,QB
00-0012317,,TE
00-0012321,,WR
00-0012368,,RB
00-0012370,,RB
00-0012478,,WR
00-0012480,,RB
00-0012515,,RB
00-0012556,,RB
00-0012603,,RB
00-0012637,,WR
00-0012642,,WR
00-0012726,,QB
00-0012732,,QB
00-0012764,,WR
00-0012832,,RB
00-0012931,,RB
00-0012946,,RB
00-0012953,,WR
00-0012971,,TE
00-0013013,,RB
00-0013042,,QB
00-0013080,,TE
00-0013097,,WR
00-0013173,,RB
00-0013176,,WR
00-0013232,,WR
00-0013258,,WR
00-0013262,,RB
00-0013268,,WR
00-0013298,,TE
00-0013308,,TE
00-0013422,,TE
00-0013499,,WR
00-0013512,,WR
00-0013523,,WR
00-0013622,,RB
00-0013639,,WR
00-0013694,,FB
00-0013712,,TE
00-0013728,,TE
00-0013770,,WR
00-0013773,,FB
00-0013785,,RB
00-0013792,,TE
00-0013888,,WR
00-0013958,,RB
00-0014211,,TE
00-0014256,,RB
00-0014319,,WR
00-0014328,,WR
00-0014350,,TE
00-0014450,,RB
00-0014489,,WR
00-0014544,,WR
00-0014655,,TE
00-0014722,,TE
00-0014729,,WR
00-0014733,,FB
00-0014742,,RB
00-0014753,,WR
00-0014759,,RB
00-0014775,,FB
00-0014790,,WR
00-0014809,,RB
00-0014918,,WR
00-0015048,,TE
00-0015053,,TE
00-0015063,,WR
00-0015082,,QB
00-0015091,,RB
00-0015152,,RB
00-0015161,,TE
00-0015165,,RB
00-0015195,,TE
00-0015218,,WR
00-0015242,,RB
00-0015286,,RB
00-0015290,,WR
00-0015331,,WR
00-0015420,,FB
00-0015452,,TE
00-0015507,,WR
00-0015523,,RB
00-0015627,,QB
00-0015655,,RB
00-0015698,,RB
00-0015700,,QB
00-0015723,,WR
00-0015751,,WR
00-0015754,,WR
00-0015759,,WR
00-0015811,,WR
00-0015830,,FB
00-0016098,,RB
00-0016193,,QB
00-0016214,,WR
00-0016232,,WR
00-0016296,,TE
00-0016316,,FB
00-0016321,,RB
00-0016331,,RB
00-0016347,,TE
00-0016440,,WR
00-0016534,,QB
00-0016538,,QB
00-0016550,,WR
00-0016654,,WR
00-0016677,,TE
00-0016723,,FB
00-0016811,,WR
00-0016821,,WR
00-0016837,,WR
00-0016838,,QB
00-0016842,,FB
00-0017027,,TE
00-0017109,,TE
00-0017110,,WR
00-0017121,,QB
00-0017160,,WR
00-0017162,,WR
00-0017200,,QB
00-0017209,,RB
00-0017218,,RB
00-0017301,,RB
00-0017303,,RB
00-0017322,,RB
00-0017337,,FB
00-0017356,,TE
00-0017415,,QB
00-0017470,,WR
00-0017480,,TE
00-0017486,,RB
00-0017611,,WR
00-0017662,,TE
00-0017697,,WR
00-0017829,,RB
00-0017847,,WR
00-0017860,,WR
00-0017892,,RB
00-0017896,,RB
00-0017915,,RB
00-0017922,,WR
00-0017924,,TE
00-0018141,,FB
00-0018333,,QB
00-0018343,,TE
00-0018382,,WR
00-0018441,,QB
00-0018483,,QB
00-0018501,,RB
00-0018518,,QB
00-0018608,,TE
00-0000108,,K
00-0000534,,RB
00-0000598,,WR
00-0000781,,RB
00-0001098,,RB
00-0001272,,QB
00-0001823,,QB
00-0001848,,WR
00-0002159,,RB
00-0003600,,QB
00-0004055,,WR
00-0004508,,RB
00-0004595,,RB
00-0004633,,WR
00-0004637,,TE
00-0005229,,FB
00-0005854,,TE
00-0005860,,TE
00-0006355,,QB
00-0006458,,TE
00-0006777,,WR
00-0006989,,RB
00-0007059,,QB
00-0007213,,TE
00-0007834,,QB
00-0008109,,WR
00-0008357,,WR
00-0008841,,WR
00-0009715,,QB
00-0010455,,QB
00-0010632,,RB
00-0010786,,WR
00-0010974,,WR
00-0011439,,TE
00-0011573,,RB
00-0012569,,WR
00-0013338,,QB
00-0014977,,TE
00-0015601,,RB
00-0015970,,WR
00-0017644,,TE
00-0018056,,WR
00-0018272,,QB
00-0018568,,RB
00-0018949,,K
00-0018958,,WR
00-0018971,,RB
00-0018977,,RB
00-0019021,,WR
00-0019025,,RB
00-0019027,,WR
00-0019028,,RB
00-0019057,,RB
00-0019087,,QB
00-0019093,,TE
00-0019100,,FB
00-0019109,,WR
00-0019127,,TE
00-0019135,,FB
00-0019192,,QB
00-0019206,,WR
00-0019207,,TE
00-0019231,,WR
00-0019238,,RB
00-0019255,,WR
00-0019278,,QB
00-0019290,,TE
00-0019338,,WR
00-0019350,,WR
00-0019382,,RB
00-0019442,,QB
00-0019455,,WR
00-0019457,,TE
00-0019461,,WR
00-0019464,,TE
00-0019466,,RB
00-0019471,,RB
00-0019473,,RB
00-0019481,,WR
00-0019484,,RB
00-0019486,,TE
00-0019491,,WR
00-0019505,,WR
00-0019516,,RB
00-0019533,,RB
00-0019543,,WR
00-0019552,,WR
00-0019553,,QB
00-0019559,,QB
00-0019564,,TE
00-0019576,,RB
00-0019579,,QB
00-0019587,,FB
00-0019590,,RB
00-0019594,,RB
00-0019596,T.Brady,QB
00-0019604,,WR
00-0019606,,WR
00-0019609,,RB
00-0019614,,RB
00-0019622,,QB
00-0019623,,QB
00-0019641,,RB
00-0019642,,WR
00-0019643,,RB
00-0019644,,TE
00-0019647,,RB
00-0019649,,RB
00-0019650,,WR
00-0019659,,TE
00-0019660,,WR
00-0019662,,WR
00-0019663,,WR
00-0019670,,WR
00-0019673,,RB
00-0019676,,K
00-0019682,,QB
00-0019693,,RB
00-0019703,,WR
00-0019708,,WR
00-0019709,,QB
00-0019721,,WR
00-0019722,,RB
00-0019726,,WR
00-0000727,,TE
00-0001545,,QB
00-0001980,,K
00-0002655,,K
00-0003220,,WR
00-0003315,,QB
00-0004112,,TE
00-0005932,,WR
00-0006208,,RB
00-0006223,,K
00-0006930,,RB
00-0007180,,RB
00-0007576,,QB
00-0010206,,QB
00-0010261,,QB
00-0010373,,K
00-0013467,,RB
00-0014234,,QB
00-0015959,,WR
00-0015980,,WR
00-0016373,,WR
00-0017239,,RB
00-0018976,,TE
00-0018997,,TE
00-0019008,,TE
00-0019038,,WR
00-0019041,,QB
00-0019054,,WR
00-0019062,,TE
00-0019164,,WR
00-0019172,,FB
00-0019268,,RB
00-0019353,,FB
00-0019404,,TE
00-0019423,,RB
00-0019453,,RB
00-0019468,,WR
00-0019487,,WR
00-0019510,,WR
00-0019534,,RB
00-0019539,,WR
00-0019547,,WR
00-0019558,,TE
00-0019598,,TE
00-0019610,,RB
00-0019633,,QB
00-0019661,,WR
00-0019712,,RB
00-0019770,,K
00-0019794,,RB
00-0019826,,RB
00-0019831,,RB
00-0019862,,RB
00-0019863,,RB
00-0019889,,RB
00-0019913,,TE
00-0019916,,FB
00-0019976,,WR
00-0020018,,WR
00-0020050,,TE
00-0020090,,TE
00-0020094,,RB
00-0020112,,RB
00-0020171,,WR
00-0020181,,RB
00-0020187,,TE
00-0020226,,WR
00-0020245,,QB
00-0020256,,WR
00-0020268,,TE
00-0020270,,RB
00-0020272,,WR
00-0020273,,WR
00-0020285,,TE
00-0020305,,QB
00-0020308,,QB
00-0020320,,WR
00-0020332,,TE
00-0020337,,WR
00-0020340,,WR
00-0020342,,TE
00-0020343,,WR
00-0020361,,WR
00-0020370,,WR
00-0020381,,WR
00-0020387,,WR
00-0020391,,RB
00-0020397,,WR
00-0020403,,RB
00-0020404,,QB
00-0020405,,QB
00-0020415,,WR
00-0020417,,RB
00-0020425,,WR
00-0020427,,WR
00-0020430,,RB
00-0020434,,QB
00-0020438,,WR
00-0020446,,WR
00-0020448,,RB
00-0020455,,TE
00-0020462,,RB
00-0020471,,RB
00-0020474,,RB
00-0020476,,TE
00-0020485,,WR
00-0020490,,WR
00-0020494,,WR
00-0020497,,WR
00-0020498,,WR
00-0020507,,FB
00-0020513,,WR
00-0020514,,RB
00-0020516,,TE
00-0020525,,WR
00-0020527,,RB
00-0020531,D.Brees,QB
00-0020536,,RB
00-0004774,,RB
00-0007447,,RB
00-0014384,,QB
00-0018588,,RB
00-0018981,,WR
00-0019035,,TE
00-0019065,,TE
00-0019302,,WR
00-0019454,,WR
00-0019569,,TE
00-0019599,,QB
00-0019600,,WR
00-0019625,,WR
00-0019725,,RB
00-0019764,,QB
00-0019808,,RB
00-0020021,,WR
00-0020022,,RB
00-0020062,,WR
00-0020126,,QB
00-0020159,,WR
00-0020173,,RB
00-0020274,,TE
00-0020315,,RB
00-0020345,,TE
00-0020373,,TE
00-0020376,,RB
00-0020407,,RB
00-0020428,,WR
00-0020452,,WR
00-0020464,,WR
00-0020479,,RB
00-0020480,,QB
00-0020483,,QB
00-0020484,,WR
00-0020520,,WR
00-0020542,,WR
00-0020562,,QB
00-0020564,,RB
00-0020583,,WR
00-0020608,,QB
00-0020676,,WR
00-0020692,,WR
00-0020700,,RB
00-0020739,,RB
00-0020754,,WR
00-0020780,,WR
00-0020805,,RB
00-0020820,,RB
00-0020828,,TE
00-0020849,,RB
00-0020904,,WR
00-0020917,,RB
00-0020964,,RB
00-0020973,,RB
00-0020984,,WR
00-0021031,,RB
00-0021048,,RB
00-0021063,,WR
00-0021084,,TE
00-0021087,,RB
00-0021090,,TE
00-0021093,,WR
00-0021094,,WR
00-0021100,,TE
00-0021121,,WR
00-0021141,,QB
00-0021147,,WR
00-0021148,,TE
00-0021150,,RB
00-0021152,,WR
00-0021153,,WR
00-0021154,,TE
00-0021159,,TE
00-0021163,,WR
00-0021166,,WR
00-0021174,,WR
00-0021175,,WR
00-0021176,,WR
00-0021179,,RB
00-0021182,,RB
00-0021183,,TE
00-0021184,,RB
00-0021190,,RB
00-0021191,,WR
00-0021192,,WR
00-0021206,J.McCown,QB
00-0021209,,RB
00-0021213,,TE
00-0021216,,RB
00-0021223,,RB
00-0021227,,TE
00-0021231,,QB
00-0021236,,TE
00-0021238,,QB
00-0021241,,TE
00-0021242,,WR
00-0021252,,RB
00-0021253,,RB
00-0021254,,QB
00-0021255,,TE
00-0021268,,TE
00-0021279,,FB
00-0021282,,TE
00-0021304,,TE
00-0021306,,RB
00-0021309,,WR
00-0021313,,WR
00-0021314,,RB
00-0021330,,WR
00-0021352,,TE
00-0021353,,WR
00-0021357,,RB
00-0021376,,RB
00-0021379,,QB
00-0021386,,RB
00-0017693,,K
00-0018578,,TE
00-0019242,,WR
00-0019281,,WR
00-0019816,,QB
00-0019905,,WR
00-0019919,,TE
00-0019975,,WR
00-0020030,,WR
00-0020058,,RB
00-0020508,,RB
00-0020550,,TE
00-0020587,,RB
00-0020735,,WR
00-0020786,,RB
00-0020794,,WR
00-0021028,,WR
00-0021098,,RB
00-0021102,,WR
00-0021164,,RB
00-0021212,,WR
00-0021271,,QB
00-0021273,,TE
00-0021287,,TE
00-0021337,,WR
00-0021371,,FB
00-0021387,,RB
00-0021403,,TE
00-0021406,,WR
00-0021425,,WR
00-0021437,,WR
00-0021460,,WR
00-0021508,,WR
00-0021509,,RB
00-0021525,,TE
00-0021528,,RB
00-0021547,A.Gates,TE
00-0021570,,WR
00-0021581,,RB
00-0021586,,TE
00-0021747,,RB
00-0021750,,RB
00-0021756,,TE
00-0021780,,WR
00-0021845,,RB
00-0021915,,WR
00-0021921,,WR
00-0021923,,WR
00-0021927,,WR
00-0021929,,TE
00-0021931,,WR
00-0021938,,RB
00-0021955,,RB
00-0021969,,WR
00-0021973,,WR
00-0021976,,RB
00-0021979,,RB
00-0021980,,TE
00-0021981,,WR
00-0021982,,WR
00-0021993,,WR
00-0021999,,WR
00-0022001,,WR
00-0022003,,FB
00-0022006,,RB
00-0022011,,RB
00-0022024,,WR
00-0022032,,WR
00-0022036,,TE
00-0022044,,WR
00-0022051,,TE
00-0022054,,TE
00-0022057,,RB
00-0022060,,TE
00-0022064,,WR
00-0022072,,WR
00-0022084,,WR
00-0022087,,WR
00-0022091,,QB
00-0022092,,RB
00-0022093,,RB
00-0022095,,RB
00-0022097,,WR
00-0022102,,WR
00-0022111,,WR
00-0022112,,QB
00-0022116,,RB
00-0022121,,QB
00-0022124,,WR
00-0022126,,TE
00-0022127,J.Witten,TE
00-0022129,,TE
00-0022130,,RB
00-0022135,,WR
00-0022138,,RB
00-0022141,,FB
00-0022144,,WR
00-0022156,,WR
00-0022164,,QB
00-0022165,,TE
00-0022171,,WR
00-0022174,,RB
00-0022177,,QB
00-0022180,,RB
00-0011641,,WR
00-0016919,A.Vinatieri,K
00-0019134,,RB
00-0019490,,K
00-0019907,,TE
00-0019932,,FB
00-0019997,,WR
00-0020046,,RB
00-0020073,,RB
00-0020127,,TE
00-0020617,,WR
00-0020770,,WR
00-0020793,,RB
00-0020797,,RB
00-0020985,,TE
00-0021260,,RB
00-0021277,,QB
00-0021296,,QB
00-0021305,,RB
00-0021343,,RB
00-0021409,,TE
00-0021424,,WR
00-0021429,C.Palmer,QB
00-0021434,,RB
00-0021530,,WR
00-0021554,,TE
00-0021560,,WR
00-0021636,,TE
00-0021647,,WR
00-0021673,,RB
00-0021755,,RB
00-0021788,,WR
00-0021810,,RB
00-0021890,,WR
00-0021936,,RB
00-0022005,,QB
00-0022026,,QB
00-0022039,,QB
00-0022101,,QB
00-0022178,,RB
00-0022181,,QB
00-0022215,,TE
00-0022217,,RB
00-0022224,,RB
00-0022232,,TE
00-0022250,,RB
00-0022288,,RB
00-0022363,,RB
00-0022384,,RB
00-0022385,,TE
00-0022388,,WR
00-0022405,,FB
00-0022414,,WR
00-0022427,,WR
00-0022449,,RB
00-0022464,,RB
00-0022538,,RB
00-0022582,,TE
00-0022621,,WR
00-0022664,,WR
00-0022674,,WR
00-0022679,,WR
00-0022704,,TE
00-0022706,,TE
00-0022725,,WR
00-0022726,,WR
00-0022731,,QB
00-0022736,,RB
00-0022738,,TE
00-0022739,,WR
00-0022744,,QB
00-0022751,,WR
00-0022754,,WR
00-0022759,,TE
00-0022766,,WR
00-0022770,,RB
00-0022781,,WR
00-0022782,,RB
00-0022787,M.Schaub,QB
00-0022796,,FB
00-0022797,,RB
00-0022803,E.Manning,QB
00-0022807,,WR
00-0022811,,WR
00-0022818,,QB
00-0022821,,RB
00-0022825,,RB
00-0022826,,WR
00-0022827,,QB
00-0022840,,RB
00-0022847,,TE
00-0022864,L.McCown,QB
00-0022872,,RB
00-0022873,,WR
00-0022883,,RB
00-0022889,,WR
00-0022892,,WR
00-0022893,,RB
00-0022897,,RB
00-0022901,,WR
00-0022907,,TE
00-0022909,,WR
00-0022910,,WR
00-0022912,,QB
00-0022916,,TE
00-0022921,L.Fitzgerald,WR
00-0022922,,TE
00-0022924,B.Roethlisberger,QB
00-0022926,,RB
00-0022942,P.Rivers,QB
00-0022943,B.Watson,TE
00-0020613,,QB
00-0020679,,QB
00-0021006,,WR
00-0021317,,TE
00-0021678,,QB
00-0021712,,TE
00-0021813,,TE
00-0021852,,WR
00-0021868,,TE
00-0022027,,QB
00-0022041,,TE
00-0022055,,QB
00-0022110,,TE
00-0022143,,FB
00-0022219,,TE
00-0022255,,RB
00-0022397,,FB
00-0022431,,RB
00-0022447,,TE
00-0022484,,TE
00-0022555,,TE
00-0022564,,RB
00-0022613,,WR
00-0022701,,WR
00-0022714,,TE
00-0022733,,RB
00-0022768,,QB
00-0022774,,QB
00-0022879,,WR
00-0022929,,WR
00-0022951,,WR
00-0022970,,FB
00-0023039,,WR
00-0023063,,FB
00-0023072,,TE
00-0023074,,RB
00-0023108,,TE
00-0023151,,WR
00-0023163,,TE
00-0023176,,WR
00-0023192,,RB
00-0023217,,TE
00-0023248,,TE
00-0023436,A.Smith,QB
00-0023437,,RB
00-0023438,,WR
00-0023439,,RB
00-0023440,,RB
00-0023442,,WR
00-0023452,,WR
00-0023456,,WR
00-0023457,,WR
00-0023459,A.Rodgers,QB
00-0023462,,WR
00-0023465,,TE
00-0023470,,WR
00-0023474,,WR
00-0023479,,RB
00-0023490,,WR
00-0023493,,WR
00-0023496,,WR
00-0023500,F.Gore,RB
00-0023502,,QB
00-0023503,,WR
00-0023506,,TE
00-0023508,,RB
00-0023512,,RB
00-0023518,,WR
00-0023531,,WR
00-0023541,,QB
00-0023544,,RB
00-0023545,,RB
00-0023547,,RB
00-0023549,,WR
00-0023561,,RB
00-0023564,D.Sproles,RB
00-0023570,,WR
00-0023576,,RB
00-0023578,D.Orlovsky,QB
00-0023591,,RB
00-0023607,,WR
00-0023612,,TE
00-0023615,,RB
00-0023623,,WR
00-0023625,,WR
00-0023630,,TE
00-0023654,,RB
00-0023658,,WR
00-0023662,M.Cassel,QB
00-0023676,,RB
00-0023679,,TE
00-0023682,R.Fitzpatrick,QB
00-0023683,,FB
00-0023701,,WR
00-0023704,,TE
00-0001222,,TE
00-0004811,,K
00-0010072,,K
00-0019153,,RB
00-0020565,,QB
00-0020804,,FB
00-0021129,,WR
00-0021629,,WR
00-0021886,,WR
00-0022228,,RB
00-0022307,,WR
00-0022308,,WR
00-0022421,,WR
00-0022590,,QB
00-0022724,,TE
00-0022746,,TE
00-0022773,,RB
00-0022801,,RB
00-0022817,,TE
00-0022886,,FB
00-0022999,J.Kuhn,FB
00-0023064,,RB
00-0023159,,RB
00-0023218,,TE
00-0023222,,WR
00-0023258,,TE
00-0023310,,WR
00-0023367,,WR
00-0023426,,RB
00-0023429,,WR
00-0023460,,QB
00-0023489,,RB
00-0023504,,QB
00-0023521,,TE
00-0023645,D.Anderson,QB
00-0023657,,WR
00-0023844,,RB
00-0023859,,QB
00-0023867,,WR
00-0023878,,TE
00-0023889,,WR
00-0023891,,RB
00-0023897,,TE
00-0023947,,WR
00-0023953,,WR
00-0023968,,WR
00-0023981,,WR
00-0024011,,RB
00-0024013,,WR
00-0024044,,WR
00-0024174,,WR
00-0024189,,RB
00-0024202,,RB
00-0024217,,RB
00-0024218,,QB
00-0024221,V.Davis,TE
00-0024225,,QB
00-0024226,J.Cutler,QB
00-0024236,,RB
00-0024240,,WR
00-0024242,,RB
00-0024243,M.Lewis,TE
00-0024245,,RB
00-0024251,,WR
00-0024259,,WR
00-0024260,,RB
00-0024261,,TE
00-0024264,K.Clemens,QB
00-0024267,,WR
00-0024268,A.Fasano,TE
00-0024272,,WR
00-0024275,,RB
00-0024276,,TE
00-0024279,,QB
00-0024287,,TE
00-0024289,,RB
00-0024293,,WR
00-0024294,,RB
00-0024296,,QB
00-0024297,,WR
00-0024300,,QB
00-0024301,,TE
00-0024305,,WR
00-0024308,,TE
00-0024313,,TE
00-0024315,,FB
00-0024318,,QB
00-0024324,,WR
00-0024326,,WR
00-0024332,,RB
00-0024334,B.Marshall,WR
00-0024359,,RB
00-0024362,,QB
00-0024369,,TE
00-0024380,,TE
00-0024384,,RB
00-0024389,De.Walker,TE
00-0024394,,FB
00-0024398,,WR
00-0024404,,WR
00-0024407,,WR
00-0024408,,QB
00-0024465,,WR
00-0024466,,WR
00-0024489,,FB
00-0022206,,RB
00-0022240,,WR
00-0022290,,FB
00-0022403,,WR
00-0022434,,RB
00-0022529,,FB
00-0022984,,RB
00-0023051,,TE
00-0023158,,QB
00-0023179,,TE
00-0023251,,RB
00-0023252,R.Gould,K
00-0023408,,WR
00-0023551,,WR
00-0023572,,FB
00-0023655,,WR
00-0023714,,RB
00-0023764,,RB
00-0023774,,FB
00-0023784,,TE
00-0023790,,WR
00-0023806,,RB
00-0023822,,WR
00-0023858,,RB
00-0023921,,WR
00-0023928,,WR
00-0024067,,TE
00-0024069,,TE
00-0024077,,TE
00-0024148,,WR
00-0024170,,TE
00-0024171,,WR
00-0024172,,RB
00-0024204,,RB
00-0024310,,WR
00-0024321,,TE
00-0024340,,WR
00-0024345,,WR
00-0024358,,WR
00-0024364,,FB
00-0024447,,WR
00-0024463,,WR
00-0024542,,WR
00-0024549,,RB
00-0024553,,WR
00-0024607,,TE
00-0024625,,RB
00-0024682,,TE
00-0024698,,RB
00-0024756,,WR
00-0024813,,RB
00-0024824,,QB
00-0024846,,RB
00-0024850,,RB
00-0025337,,FB
00-0025388,,QB
00-0025389,,WR
00-0025394,A.Peterson,RB
00-0025396,T.Ginn,WR
00-0025399,M.Lynch,RB
00-0025409,,QB
00-0025410,,WR
00-0025417,,WR
00-0025418,G.Olsen,TE
00-0025419,,WR
00-0025423,,QB
00-0025425,,TE
00-0025427,,QB
00-0025431,,WR
00-0025432,,WR
00-0025437,,RB
00-0025438,,WR
00-0025439,,RB
00-0025450,,RB
00-0025458,,RB
00-0025460,,WR
00-0025461,,WR
00-0025462,,WR
00-0025463,,WR
00-0025464,,TE
00-0025465,,WR
00-0025477,,RB
00-0025479,,QB
00-0025480,,RB
00-0025486,,WR
00-0025494,,RB
00-0025498,,RB
00-0025505,,WR
00-0025515,,WR
00-0025520,,TE
00-0025524,,FB
00-0025529,,WR
00-0025533,,WR
00-0025535,,RB
00-0025540,,TE
00-0025542,,TE
00-0025549,B.Celek,TE
00-0025559,,WR
00-0025561,,QB
00-0025562,,FB
00-0025568,,FB
00-0025578,,RB
00-0025582,,FB
00-0025584,,WR
00-0025602,,TE
00-0025604,,QB
00-0025609,,TE
00-0025615,,RB
00-0025616,,WR
00-0025631,,FB
00-0025633,,RB
00-0025636,,WR
00-0025637,,RB
00-0025701,,RB
00-0025708,M.Moore,QB
00-0025794,,WR
00-0022277,,WR
00-0022483,,TE
00-0022882,,WR
00-0023210,,TE
00-0023752,,TE
00-0023788,,TE
00-0023797,,TE
00-0023881,,RB
00-0023991,,WR
00-0024103,,RB
00-0024158,,RB
00-0024460,,RB
00-0024529,,TE
00-0024535,E.Weems,WR
00-0024559,,RB
00-0024595,,WR
00-0024681,,WR
00-0024687,,WR
00-0024763,,RB
00-0025414,,WR
00-0025430,D.Stanton,QB
00-0025466,,WR
00-0025467,,WR
00-0025487,,RB
00-0025490,,TE
00-0025544,,WR
00-0025556,,WR
00-0025592,,QB
00-0025614,,WR
00-0025621,,WR
00-0025622,,WR
00-0025672,,FB
00-0025860,,RB
00-0025892,,WR
00-0025913,,RB
00-0025997,,RB
00-0026000,,WR
00-0026026,,TE
00-0026029,,RB
00-0026033,,FB
00-0026069,M.Tolbert,FB
00-0026113,,RB
00-0026143,M.Ryan,QB
00-0026144,D.McFadden,RB
00-0026153,J.Stewart,RB
00-0026158,J.Flacco,QB
00-0026162,,RB
00-0026163,,RB
00-0026164,C.Johnson,RB
00-0026170,,TE
00-0026173,,WR
00-0026174,,WR
00-0026176,J.Nelson,WR
00-0026178,,TE
00-0026181,,WR
00-0026182,,WR
00-0026184,M.Forte,RB
00-0026186,,WR
00-0026188,,TE
00-0026189,D.Jackson,WR
00-0026191,,WR
00-0026193,,WR
00-0026195,,RB
00-0026197,C.Henne,QB
00-0026201,M.Bennett,TE
00-0026204,,RB
00-0026209,,RB
00-0026213,J.Charles,RB
00-0026216,,TE
00-0026221,,WR
00-0026224,H.Douglas,WR
00-0026225,,TE
00-0026229,,RB
00-0026231,,TE
00-0026234,,QB
00-0026235,,WR
00-0026237,,WR
00-0026245,,WR
00-0026251,,TE
00-0026262,,RB
00-0026266,,WR
00-0026267,,TE
00-0026268,,WR
00-0026272,,TE
00-0026279,,RB
00-0026286,,FB
00-0026289,T.Hightower,RB
00-0026296,,QB
00-0026303,,FB
00-0026314,,WR
00-0026316,,RB
00-0026319,,RB
00-0026336,,TE
00-0026342,,RB
00-0026345,P.Garcon,WR
00-0026349,,QB
00-0026353,,RB
00-0026364,,WR
00-0026366,,WR
00-0026367,,RB
00-0026399,,RB
00-0026432,,RB
00-0026453,,RB
00-0021940,,K
00-0022296,,WR
00-0023832,,TE
00-0024432,,WR
00-0024561,,RB
00-0024738,,RB
00-0024825,,FB
00-0025597,,WR
00-0025841,,RB
00-0025864,,TE
00-0025934,,WR
00-0025951,,WR
00-0025955,,RB
00-0025970,,QB
00-0025992,,WR
00-0026008,,TE
00-0026019,D.Woodhead,RB
00-0026022,,WR
00-0026035,D.Amendola,WR
00-0026100,,WR
00-0026121,,RB
00-0026123,,TE
00-0026132,,RB
00-0026196,,QB
00-0026210,,WR
00-0026276,,WR
00-0026281,,TE
00-0026293,M.Slater,WR
00-0026298,,TE
00-0026300,J.Johnson,QB
00-0026333,,WR
00-0026344,,FB
00-0026355,,WR
00-0026357,,WR
00-0026372,,TE
00-0026373,,RB
00-0026393,M.Reece,FB
00-0026396,,WR
00-0026491,,WR
00-0026498,M.Stafford,QB
00-0026562,,WR
00-0026579,,RB
00-0026607,,RB
00-0026625,B.Hoyer,QB
00-0026658,,TE
00-0026669,,TE
00-0026716,,WR
00-0026723,,FB
00-0026753,,WR
00-0026757,,TE
00-0026769,,RB
00-0026780,,WR
00-0026790,,RB
00-0026796,,RB
00-0026898,M.Sanchez,QB
00-0026899,,RB
00-0026901,M.Wallace,WR
00-0026902,,WR
00-0026908,,TE
00-0026913,,WR
00-0026931,,TE
00-0026937,,WR
00-0026941,,RB
00-0026953,,WR
00-0026956,,RB
00-0026957,D.Johnson,TE
00-0026959,,WR
00-0026963,,TE
00-0026983,D.Heyward-Bey,WR
00-0026986,M.Crabtree,WR
00-0026988,,RB
00-0026993,,QB
00-0026995,J.Maclin,WR
00-0026996,,TE
00-0026998,,WR
00-0027003,,RB
00-0027005,,WR
00-0027006,K.Britt,WR
00-0027007,,RB
00-0027012,,WR
00-0027020,,QB
00-0027026,,WR
00-0027029,L.McCoy,RB
00-0027040,,TE
00-0027048,,RB
00-0027056,,WR
00-0027057,B.Tate,WR
00-0027061,J.Cook,TE
00-0027063,,WR
00-0027070,,TE
00-0027076,,WR
00-0027077,,WR
00-0027080,,RB
00-0027088,,TE
00-0027089,L.Murphy,WR
00-0027092,,WR
00-0027093,,FB
00-0027098,,RB
00-0027105,,WR
00-0027106,,FB
00-0027109,,FB
00-0027120,,RB
00-0027125,Z.Miller,TE
00-0027129,,RB
00-0027130,,RB
00-0027131,,QB
00-0027134,,QB
00-0027135,,TE
00-0027139,J.Phillips,TE
00-0027140,,RB
00-0027141,,RB
00-0027150,J.Edelman,WR
00-0027154,,TE
00-0027155,,RB
00-0027157,,TE
00-0027167,,RB
00-0024812,,QB
00-0025516,,TE
00-0025573,,RB
00-0025749,,QB
00-0026012,,RB
00-0026032,,WR
00-0026056,,WR
00-0026323,,FB
00-0026331,,WR
00-0026377,,WR
00-0026465,,WR
00-0026536,,WR
00-0026544,C.Daniel,QB
00-0026566,,RB
00-0026598,,RB
00-0026620,,RB
00-0026644,,RB
00-0026665,,WR
00-0026745,,RB
00-0026804,,TE
00-0026819,,RB
00-0026852,D.Young,FB
00-0026855,,RB
00-0026878,,TE
00-0026932,C.Peerman,RB
00-0027059,,WR
00-0027069,,TE
00-0027071,,QB
00-0027094,,RB
00-0027149,,WR
00-0027156,,WR
00-0027188,,WR
00-0027201,,RB
00-0027202,,TE
00-0027214,,RB
00-0027215,L.Paulsen,TE
00-0027220,,WR
00-0027257,,RB
00-0027261,,WR
00-0027308,,WR
00-0027321,J.Cumberland,TE
00-0027322,,WR
00-0027325,L.Blount,RB
00-0027347,,QB
00-0027349,,WR
00-0027352,,WR
00-0027356,,WR
00-0027358,,WR
00-0027419,,RB
00-0027429,,WR
00-0027445,,TE
00-0027450,,WR
00-0027467,,RB
00-0027470,,WR
00-0027477,,WR
00-0027518,,WR
00-0027531,C.Ivory,RB
00-0027581,,WR
00-0027585,,WR
00-0027608,,WR
00-0027651,,WR
00-0027654,A.Benn,WR
00-0027656,R.Gronkowski,TE
00-0027659,,QB
00-0027675,E.Dickson,TE
00-0027681,B.LaFell,WR
00-0027685,E.Sanders,WR
00-0027687,,WR
00-0027688,C.McCoy,QB
00-0027690,E.Decker,WR
00-0027691,A.Roberts,WR
00-0027692,,WR
00-0027693,,WR
00-0027695,,TE
00-0027696,J.Graham,TE
00-0027700,,WR
00-0027702,,WR
00-0027709,,WR
00-0027712,,RB
00-0027713,,TE
00-0027714,,TE
00-0027725,C.Harbor,TE
00-0027732,M.Hoomanawanui,TE
00-0027739,,RB
00-0027753,,TE
00-0027754,,QB
00-0027755,,WR
00-0027758,,WR
00-0027761,,TE
00-0027769,,TE
00-0027772,,RB
00-0027775,,QB
00-0027776,,WR
00-0027779,,RB
00-0027780,,TE
00-0027786,,RB
00-0027789,,WR
00-0027791,,RB
00-0027793,A.Brown,WR
00-0027795,,WR
00-0027796,J.Webb,QB
00-0027801,,QB
00-0027804,,QB
00-0027809,,TE
00-0027813,,WR
00-0027816,,WR
00-0027819,,TE
00-0027825,J.Dray,TE
00-0027844,,FB
00-0027854,S.Bradford,QB
00-0027861,C.Spiller,RB
00-0027864,,RB
00-0027873,J.Gresham,TE
00-0027874,D.Thomas,WR
00-0027876,T.Tebow,TE
00-0027880,,RB
00-0027888,,RB
00-0027891,G.Tate,WR
00-0027893,,WR
00-0027902,D.Bryant,WR
00-0027912,,WR
00-0024609,,WR
00-0026072,,FB
00-0026699,,TE
00-0026712,,FB
00-0026739,,WR
00-0026799,,RB
00-0026947,,RB
00-0027121,,QB
00-0027259,,TE
00-0027265,V.Cruz,WR
00-0027346,,RB
00-0027412,,RB
00-0027437,,RB
00-0027441,,WR
00-0027500,,TE
00-0027583,,TE
00-0027595,,WR
00-0027666,,RB
00-0027718,,TE
00-0027722,,QB
00-0027764,,WR
00-0027783,,TE
00-0027890,,RB
00-0027917,,FB
00-0027918,,WR
00-0027920,,WR
00-0027939,C.Newton,QB
00-0027942,A.Green,WR
00-0027944,J.Jones,WR
00-0027946,,QB
00-0027948,B.Gabbert,QB
00-0027950,,QB
00-0027964,,WR
00-0027966,M.Ingram,RB
00-0027973,A.Dalton,QB
00-0027974,,QB
00-0027981,K.Rudolph,TE
00-0027982,,WR
00-0027985,L.Kendricks,TE
00-0027994,S.Vereen,RB
00-0027996,T.Smith,WR
00-0027997,G.Little,WR
00-0028000,,RB
00-0028002,R.Cobb,WR
00-0028007,,TE
00-0028009,D.Murray,RB
00-0028011,S.Ridley,RB
00-0028016,,WR
00-0028017,,WR
00-0028020,,WR
00-0028021,,WR
00-0028034,,RB
00-0028040,,TE
00-0028042,L.Stocker,TE
00-0028043,,RB
00-0028045,,WR
00-0028049,,WR
00-0028050,,WR
00-0028052,,WR
00-0028053,,RB
00-0028057,,RB
00-0028061,,WR
00-0028062,,RB
00-0028063,T.Jones,RB
00-0028064,B.Powell,RB
00-0028067,J.Thomas,TE
00-0028068,,RB
00-0028070,,WR
00-0028071,,RB
00-0028074,A.Sherman,RB
00-0028079,,TE
00-0028083,J.Rodgers,RB
00-0028086,,WR
00-0028087,D.Lewis,RB
00-0028090,T.Yates,QB
00-0028091,J.Kerley,WR
00-0028093,N.Paul,TE
00-0028097,L.Smith,TE
00-0028105,,WR
00-0028112,C.Clay,TE
00-0028115,,RB
00-0028118,T.Taylor,QB
00-0028119,,TE
00-0028142,V.Green,TE
00-0028149,B.Miller,FB
00-0028156,,TE
00-0028158,,RB
00-0028159,,RB
00-0028163,,RB
00-0028174,,WR
00-0028179,,TE
00-0028187,,WR
00-0028208,,RB
00-0028242,,WR
00-0028267,,TE
00-0028270,,TE
00-0028288,,WR
00-0028291,,TE
00-0028295,,TE
00-0028352,,WR
00-0028409,D.Harris,RB
00-0028417,,WR
00-0028434,D.Baldwin,WR
00-0028442,,WR
00-0028486,,FB
00-0028492,,FB
00-0028509,,TE
00-0028522,,TE
00-0028550,,TE
00-0028565,,RB
00-0028574,,RB
00-0028602,,RB
00-0028613,,RB
00-0028706,,RB
00-0023001,,K
00-0023853,M.Prater,K
00-0026557,,FB
00-0026577,,WR
00-0027218,,RB
00-0027253,T.Lewis,QB
00-0027602,,QB
00-0027606,,WR
00-0027827,,TE
00-0027976,,RB
00-0027995,,RB
00-0028012,R.Mallett,QB
00-0028114,D.Harris,WR
00-0028116,A.Robinson,WR
00-0028121,J.Todman,RB
00-0028146,,QB
00-0028170,,RB
00-0028178,,FB
00-0028198,,RB
00-0028202,S.Draughn,RB
00-0028238,,TE
00-0028263,A.Holmes,WR
00-0028307,,WR
00-0028337,,TE
00-0028338,,WR
00-0028345,,RB
00-0028362,,WR
00-0028400,,WR
00-0028406,,TE
00-0028416,,RB
00-0028532,,WR
00-0028542,,WR
00-0028581,P.DiMarco,FB
00-0028646,,WR
00-0028651,,TE
00-0028736,,RB
00-0028792,,WR
00-0028825,T.Pryor,WR
00-0028841,,RB
00-0028842,,TE
00-0028876,,RB
00-0028903,G.Celek,TE
00-0028905,,WR
00-0028906,,WR
00-0028930,,WR
00-0028958,C.Harkey,TE
00-0028994,,TE
00-0028995,,WR
00-0029000,C.Beasley,WR
00-0029004,L.Dunbar,RB
00-0029051,,WR
00-0029055,,WR
00-0029129,R.Streater,WR
00-0029137,A.Jeffery,WR
00-0029140,,RB
00-0029141,A.Morris,RB
00-0029155,,WR
00-0029159,J.Kearse,WR
00-0029204,,WR
00-0029205,T.Cadet,RB
00-0029209,,WR
00-0029218,,TE
00-0029239,B.Bolden,RB
00-0029251,,RB
00-0029260,,RB
00-0029262,R.Randle,WR
00-0029263,R.Wilson,QB
00-0029264,B.Pierce,RB
00-0029269,T.Benjamin,WR
00-0029271,,WR
00-0029273,R.Turbin,RB
00-0029274,,WR
00-0029275,,TE
00-0029276,,TE
00-0029293,M.Jones,WR
00-0029298,,RB
00-0029315,,TE
00-0029343,,WR
00-0029358,,FB
00-0029388,D.Thompson,WR
00-0029414,O.Charles,TE
00-0029415,K.Martin,WR
00-0029424,,WR
00-0029429,,RB
00-0029435,,WR
00-0029441,,RB
00-0029510,J.Grimes,RB
00-0029531,,QB
00-0029547,,RB
00-0029548,,WR
00-0029567,N.Foles,QB
00-0029572,J.Wright,WR
00-0029580,R.Matthews,WR
00-0029587,R.Ellison,TE
00-0029588,,RB
00-0029590,,TE
00-0029604,K.Cousins,QB
00-0029608,T.Hilton,WR
00-0029612,D.Richardson,RB
00-0029613,D.Martin,RB
00-0029614,,WR
00-0029615,L.Miller,RB
00-0029619,,FB
00-0029626,,RB
00-0029632,M.Sanu,WR
00-0029634,J.Hanna,TE
00-0029638,M.Floyd,WR
00-0029640,B.Quick,WR
00-0029642,,WR
00-0029654,,WR
00-0029660,T.Graham,WR
00-0029664,J.Gordon,WR
00-0029665,R.Griffin,QB
00-0029668,A.Luck,QB
00-0029673,D.Posey,WR
00-0029677,B.Weeden,QB
00-0029682,B.Osweiler,QB
00-0029683,R.Hillman,RB
00-0029689,D.Allen,TE
00-0029697,C.Fleener,TE
00-0029701,R.Tannehill,QB
00-0029702,,WR
00-0029707,,WR
00-0029708,K.Wright,WR
00-0026926,,FB
00-0027708,,WR
00-0027925,J.Develin,FB
00-0028237,C.Hogan,WR
00-0028249,J.Ross,WR
00-0028293,,WR
00-0028595,S.Tolzien,QB
00-0028596,,WR
00-0028606,,WR
00-0028838,L.Donnell,TE
00-0028863,,QB
00-0028984,,WR
00-0028986,C.Keenum,QB
00-0029006,,WR
00-0029033,G.Whalen,WR
00-0029048,J.Banyard,RB
00-0029068,D.Coleman,FB
00-0029098,,WR
00-0029108,,WR
00-0029151,M.Simms,QB
00-0029183,,TE
00-0029227,,WR
00-0029311,,WR
00-0029317,,RB
00-0029336,B.Golden,WR
00-0029367,,WR
00-0029384,B.Rainey,RB
00-0029391,S.McGrath,TE
00-0029420,,FB
00-0029432,,TE
00-0029438,,RB
00-0029492,J.Olawale,FB
00-0029494,,WR
00-0029552,,WR
00-0029601,,TE
00-0029667,,WR
00-0029694,,TE
00-0029722,,RB
00-0029731,F.Whittaker,RB
00-0029778,,WR
00-0029791,,RB
00-0029795,B.Cunningham,RB
00-0029848,N.Williams,WR
00-0029854,C.Anderson,RB
00-0029856,,WR
00-0029868,,WR
00-0029878,M.Gray,TE
00-0029883,,TE
00-0029892,K.Juszczyk,FB
00-0029910,T.Wright,TE
00-0029931,Z.Line,FB
00-0029999,,TE
00-0030000,K.Thompkins,WR
00-0030024,,QB
00-0030043,,WR
00-0030047,M.Wilson,WR
00-0030049,C.Gragg,TE
00-0030061,Z.Ertz,TE
00-0030068,M.Goodwin,WR
00-0030078,,RB
00-0030085,K.Stills,WR
00-0030089,L.Willson,TE
00-0030107,T.Riddick,RB
00-0030108,R.Griffin,TE
00-0030112,T.Bohanon,FB
00-0030128,,RB
00-0030129,,TE
00-0030175,,WR
00-0030181,J.Doyle,TE
00-0030216,J.Hill,TE
00-0030233,,RB
00-0030236,,RB
00-0030248,,RB
00-0030274,M.White,WR
00-0030279,K.Allen,WR
00-0030280,K.Davis,RB
00-0030282,,RB
00-0030287,A.Ellington,RB
00-0030300,J.Brown,WR
00-0030320,,RB
00-0030348,,RB
00-0030370,,WR
00-0030388,,RB
00-0030391,,RB
00-0030400,M.Brown,WR
00-0030414,S.Ware,RB
00-0030419,M.McGloin,QB
00-0030422,D.Sims,TE
00-0030431,R.Woods,WR
00-0030432,C.Michael,RB
00-0030433,M.Gillislee,RB
00-0030443,L.Toilolo,TE
00-0030450,,WR
00-0030456,G.Bernard,RB
00-0030460,M.Wheaton,WR
00-0030465,K.Barner,RB
00-0030470,V.McDonald,TE
00-0030472,J.Reed,TE
00-0030474,J.Boyce,WR
00-0030485,E.Lacy,RB
00-0030496,L.Bell,RB
00-0030512,,TE
00-0030514,M.Rivera,TE
00-0030516,B.Butler,WR
00-0030520,M.Glennon,QB
00-0030521,J.Hunter,WR
00-0030522,,RB
00-0030525,T.Austin,WR
00-0030526,E.Manuel,QB
00-0030532,,WR
00-0030533,M.Barkley,QB
00-0030536,,RB
00-0030540,A.Dobson,WR
00-0030542,T.Williams,WR
00-0030544,G.Escobar,TE
00-0030547,,RB
00-0030549,T.Eifert,TE
00-0030550,,WR
00-0030564,D.Hopkins,WR
00-0030565,G.Smith,QB
00-0030578,C.Patterson,RB
00-0026691,,WR
00-0027905,,FB
00-0028198,M.Asiata,RB
00-0028411,D.Inman,WR
00-0028497,K.Aiken,WR
00-0028892,,TE
00-0028957,A.Davis,QB
00-0028987,P.Supernaw,TE
00-0029104,,RB
00-0029119,D.Carrier,TE
00-0029281,,TE
00-0029300,,WR
00-0029319,J.Bellamy,WR
00-0029394,B.Bersin,WR
00-0029401,,RB
00-0029463,,WR
00-0029534,C.Helfet,TE
00-0029729,A.Johnson,FB
00-0029738,D.Fells,TE
00-0029755,,TE
00-0029793,B.Williams,TE
00-0029934,R.Smith,WR
00-0030035,A.Thielen,WR
00-0030091,T.King,WR
00-0030095,C.Fuller,WR
00-0030113,C.Johnson,WR
00-0030116,,WR
00-0030117,K.Williams,RB
00-0030147,R.Shepard,WR
00-0030154,F.Hammond,WR
00-0030155,D.Harris,TE
00-0030247,G.Winn,RB
00-0030288,R.Burkhead,RB
00-0030404,C.Thompson,RB
00-0030466,,WR
00-0030506,T.Kelce,TE
00-0030513,L.Murray,RB
00-0030586,R.Nassib,QB
00-0030647,,TE
00-0030653,,RB
00-0030656,I.Crowell,RB
00-0030661,C.Shaw,QB
00-0030668,C.West,RB
00-0030669,A.Wilson,WR
00-0030671,I.Burse,WR
00-0030705,J.Thompson,RB
00-0030710,T.Burton,TE
00-0030737,F.Martino,WR
00-0030780,R.Hewitt,TE
00-0030789,,RB
00-0030806,,TE
00-0030821,A.Hurns,WR
00-0030822,,TE
00-0030832,A.Cleveland,TE
00-0030839,,WR
00-0030855,,RB
00-0030860,O.Darkwa,RB
00-0030865,,TE
00-0030874,D.Williams,RB
00-0030897,C.Washington,WR
00-0030985,,RB
00-0030990,J.Huff,WR
00-0030992,C.Gillmore,TE
00-0030999,,RB
00-0031001,J.Janis,WR
00-0031008,,RB
00-0031025,M.Campanaro,WR
00-0031042,J.Amaro,TE
00-0031044,T.Niklas,TE
00-0031045,C.Hyde,RB
00-0031051,J.Brown,WR
00-0031053,,WR
00-0031055,A.Williams,RB
00-0031057,K.Carey,RB
00-0031060,D.Thomas,WR
00-0031062,J.White,RB
00-0031064,T.Savage,QB
00-0031066,L.Taliaferro,RB
00-0031068,R.Grant,WR
00-0031075,A.Blue,RB
00-0031085,J.Prosch,RB
00-0031118,C.Brown,WR
00-0031123,,RB
00-0031187,,WR
00-0031209,S.Perry,RB
00-0031228,T.Gabriel,WR
00-0031235,O.Beckham,WR
00-0031236,B.Cooks,WR
00-0031237,T.Bridgewater,QB
00-0031243,S.Johnson,RB
00-0031257,P.Richardson,WR
00-0031260,L.Thomas,TE
00-0031266,,QB
00-0031273,C.Brate,TE
00-0031277,B.Oliver,RB
00-0031280,D.Carr,QB
00-0031285,D.Freeman,RB
00-0031291,J.Wright,WR
00-0031299,J.Matthews,TE
00-0031301,J.Hill,RB
00-0031302,C.Fiedorowicz,TE
00-0031310,D.Street,WR
00-0031325,S.Watkins,WR
00-0031326,B.Ellington,WR
00-0031327,,WR
00-0031332,F.Toussaint,RB
00-0031339,D.Moncrief,WR
00-0031344,C.Latimer,WR
00-0031345,J.Garoppolo,QB
00-0031359,K.Benjamin,WR
00-0031373,M.Bryant,WR
00-0031375,T.West,RB
00-0031376,J.McKinnon,RB
00-0031381,D.Adams,WR
00-0031382,J.Landry,WR
00-0031384,R.Rodgers,TE
00-0031387,E.Ebron,TE
00-0031390,C.Sims,RB
00-0031391,,RB
00-0031392,,RB
00-0031407,B.Bortles,QB
00-0031408,M.Evans,WR
00-0031409,,QB
00-0031413,,RB
00-0031418,A.Seferian-Jenkins,TE
00-0031428,A.Robinson,WR
00-0031431,M.Lee,WR
00-0031450,,RB
00-0028702,C.Matthews,WR
00-0029234,K.Moore,QB
00-0029623,A.Tanney,QB
00-0030039,,RB
00-0030110,,TE
00-0030120,,WR
00-0030162,,WR
00-0030187,R.Ross,WR
00-0030272,,TE
00-0030524,L.Jones,QB
00-0030569,,QB
00-0030659,J.Krause,WR
00-0030663,W.Snead,WR
00-0030670,B.Fowler,WR
00-0030691,J.Butler,WR
00-0030741,R.Nix,FB
00-0030758,,TE
00-0030801,B.Coleman,WR
00-0030807,S.Jones,WR
00-0030856,T.Washington,WR
00-0030920,,WR
00-0031021,J.Abbrederis,WR
00-0031023,Q.Enunwa,WR
00-0031166,S.Roberts,WR
00-0031167,S.Simonson,TE
00-0031189,T.Jones,WR
00-0031203,C.Santos,K
00-0031288,A.McCarron,QB
00-0031315,M.Hazel,WR
00-0031320,,WR
00-0031459,,RB
00-0031462,J.Cunningham,TE
00-0031493,,RB
00-0031503,J.Winston,QB
00-0031511,D.White,WR
00-0031526,,RB
00-0031531,Tr.Williams,RB
00-0031544,A.Cooper,WR
00-0031547,D.Parker,WR
00-0031549,N.Agholor,WR
00-0031558,M.Williams,TE
00-0031560,J.Strong,WR
00-0031569,J.Langford,RB
00-0031570,J.Hardy,WR
00-0031577,J.Allen,RB
00-0031585,M.Pruitt,TE
00-0031588,S.Diggs,WR
00-0031590,J.Ajayi,RB
00-0031595,M.Burton,FB
00-0031598,N.Boyle,TE
00-0031599,C.Artis-Payne,RB
00-0031600,,WR
00-0031610,D.Waller,TE
00-0031611,,RB
00-0031612,A.Ripkowski,FB
00-0031665,Z.Zenner,RB
00-0031682,T.Ward,RB
00-0031731,C.Grant,RB
00-0031743,A.Hunt,RB
00-0031744,M.LaCosse,TE
00-0031757,L.Whitehead,WR
00-0031768,T.Magee,RB
00-0031806,M.Brown,RB
00-0031816,,WR
00-0031818,B.Marquez,WR
00-0031826,J.Crockett,RB
00-0031830,,RB
00-0031854,C.Harper,WR
00-0031897,T.Rawls,RB
00-0031900,R.Smith,RB
00-0031912,C.Meredith,WR
00-0031922,K.Lee,TE
00-0031932,,WR
00-0031934,D.Smith,WR
00-0031939,M.Jones,RB
00-0031941,J.Crowder,WR
00-0031951,J.O'Shaughnessy,TE
00-0031953,G.Davis,WR
00-0031959,M.Murphy,RB
00-0031962,M.Alford,WR
00-0031968,E.Bibbs,TE
00-0031972,D.Jennings,WR
00-0032001,,WR
00-0032004,W.Tye,TE
00-0032008,D.Dye,WR
00-0032009,A.Humphries,WR
00-0032045,A.Turzilli,WR
00-0032055,D.Funchess,TE
00-0032058,T.Coleman,RB
00-0032062,B.Bell,TE
00-0032063,M.Davis,RB
00-0032068,M.Johnson,RB
00-0032089,B.Parker,TE
00-0032098,D.Brown,TE
00-0032104,A.Abdullah,RB
00-0032112,J.Nelson,WR
00-0032115,K.Clay,WR
00-0032117,N.O'Leary,TE
00-0032122,,FB
00-0032123,T.McBride,WR
00-0032128,C.Conley,WR
00-0032130,J.Fowler,FB
00-0032133,,RB
00-0032134,C.Uzomah,TE
00-0032135,J.James,TE
00-0032141,G.Swaim,TE
00-0032144,M.Gordon,RB
00-0032152,,RB
00-0032156,T.Siemian,QB
00-0032160,T.Williams,WR
00-0032166,S.Coates,WR
00-0032170,R.Greene,WR
00-0032187,D.Johnson,RB
00-0032188,V.Mayle,WR
00-0032200,T.Montgomery,WR
00-0032208,P.Dorsett,WR
00-0032209,T.Yeldon,RB
00-0032211,T.Lockett,WR
00-0032214,T.Kroft,TE
00-0032218,,WR
00-0032241,T.Gurley,RB
00-0032245,S.Mannion,QB
00-0032250,K.Williams,WR
00-0032256,C.Walford,TE
00-0032257,D.Johnson,RB
00-0032268,M.Mariota,QB
00-0028795,,RB
00-0029597,J.Tucker,K
00-0029740,I.Momah,TE
00-0029822,B.McManus,K
00-0030290,C.Hamilton,WR
00-0030805,J.Hamm,TE
00-0030854,E.Swoope,TE
00-0030968,K.Smith,FB
00-0031035,X.Grimble,TE
00-0031076,D.Fales,QB
00-0031102,K.Bibbs,RB
00-0031158,G.Atkinson,RB
00-0031268,W.Powell,WR
00-0031484,C.Manhertz,TE
00-0031514,Q.Bray,WR
00-0031533,R.Telfer,TE
00-0031545,K.White,WR
00-0031568,B.Petty,QB
00-0031589,B.Hundley,QB
00-0031609,A.Derby,TE
00-0031684,S.Wynn,WR
00-0031687,R.Mostert,RB
00-0031697,J.Taylor,WR
00-0031706,,FB
00-0031732,C.Hamlett,TE
00-0031746,,RB
00-0031782,E.Rogers,WR
00-0031788,M.Lengel,TE
00-0031793,T.Watson,RB
00-0031868,D.Byrd,WR
00-0032012,I.Fruechte,WR
00-0032048,M.Brown,RB
00-0032054,B.Perriman,WR
00-0032064,D.Smelter,WR
00-0032070,D.Lewis,WR
00-0032120,N.Sterling,TE
00-0032139,B.Koyack,TE
00-0032190,G.Christian,TE
00-0032227,J.Heuerman,TE
00-0032298,B.Hill,RB
00-0032319,R.Travis,TE
00-0032355,C.Rogers,WR
00-0032362,M.Harris,WR
00-0032365,D.Ayers,WR
00-0032371,R.Kelley,RB
00-0032375,J.Kerridge,FB
00-0032377,J.Ferguson,RB
00-0032385,S.Shepard,WR
00-0032392,A.Hooper,TE
00-0032393,C.Prosise,RB
00-0032394,N.Vannett,TE
00-0032398,C.Moore,WR
00-0032400,M.Mitchell,WR
00-0032404,T.Ervin,RB
00-0032411,K.Dixon,RB
00-0032417,P.Perkins,RB
00-0032423,T.Davis,WR
00-0032426,A.Collins,RB
00-0032429,J.Adams,TE
00-0032430,D.Morgan,TE
00-0032441,A.Burbridge,WR
00-0032450,D.Washington,RB
00-0032462,T.Boykin,QB
00-0032464,K.Raymond,WR
00-0032475,T.McEvoy,WR
00-0032482,,WR
00-0032508,H.Valles,TE
00-0032515,B.Bowman,TE
00-0032523,H.Krieger-Coble,TE
00-0032543,A.Erickson,WR
00-0032562,C.Wick,TE
00-0032577,D.Foster,RB
00-0032593,B.Wilds,RB
00-0032599,J.Perkins,TE
00-0032602,J.McKissic,RB
00-0032626,G.Allison,WR
00-0032636,,RB
00-0032659,Ro.Lewis,WR
00-0032661,B.Braunecker,TE
00-0032679,P.McRoberts,WR
00-0032688,R.Chosen,WR
00-0032694,J.Marshall,WR
00-0032724,B.Treggs,WR
00-0032725,S.Anderson,TE
00-0032739,W.Williams,WR
00-0032741,P.Barber,RB
00-0032745,A.Cross,TE
00-0032760,J.Doctson,WR
00-0032764,D.Henry,RB
00-0032765,M.Thomas,WR
00-0032778,T.Sharpe,WR
00-0032780,J.Howard,RB
00-0032782,W.Smallwood,RB
00-0032784,K.Hogan,QB
00-0032791,J.Grant,WR
00-0032794,D.Vitale,FB
00-0032795,C.Core,WR
00-0032801,D.Braverman,WR
00-0032804,D.Lasco,RB
00-0032841,P.Turner,WR
00-0032844,,RB
00-0032864,A.Ellis,TE
00-0032881,T.Lewis,WR
00-0032893,C.Cook,QB
00-0032897,D.Watt,FB
00-0032902,K.Farrow,RB
00-0032935,J.Holton,WR
00-0032940,D.Washington,RB
00-0032950,C.Wentz,QB
00-0032951,L.Treadwell,WR
00-0032956,A.Janovich,FB
00-0032959,C.Peake,WR
00-0032964,B.Marshall,RB
00-0032966,C.Coleman,WR
00-0032972,D.Booker,RB
00-0032974,J.Payton,WR
00-0032975,J.Williams,RB
00-0032977,R.Higgins,WR
00-0033009,T.Boyd,WR
00-0033025,J.Richard,RB
00-0033040,T.Hill,WR
00-0033045,E.Elliott,RB
00-0033060,L.Carroo,WR
00-0033069,B.Miller,WR
00-0033077,D.Prescott,QB
00-0033079,R.Louis,WR
00-0033080,S.DeValve,TE
00-0033090,H.Henry,TE
00-0033098,C.Jones,QB
00-0033104,C.Kessler,QB
00-0033106,J.Goff,QB
00-0033108,P.Lynch,QB
00-0033110,T.Higbee,TE
00-0033111,P.Cooper,WR
00-0033114,M.Thomas,WR
00-0033118,K.Drake,RB
00-0033119,J.Brissett,QB
00-0033127,W.Fuller,WR
00-0033164,T.Pope,RB
00-0030151,T.Bray,QB
00-0030711,D.Fluellen,RB
00-0030743,B.Reedy,WR
00-0031690,E.Tomlinson,TE
00-0031800,T.Heinicke,QB
00-0031801,J.Leslie,WR
00-0031834,L.Pinkard,WR
00-0031884,G.Holmes,TE
00-0032431,J.Rudock,QB
00-0032472,T.Madden,FB
00-0032569,W.Lutz,K
00-0032630,J.Callahan,QB
00-0032650,R.Malleck,TE
00-0032656,D.Powe,WR
00-0032705,E.Eagan,WR
00-0032740,L.Thomas,FB
00-0032775,D.Robinson,WR
00-0032792,N.Sudfeld,QB
00-0032813,E.Penny,RB
00-0032839,H.Sharp,WR
00-0032918,C.Ham,FB
00-0032926,K.Brent,WR
00-0032937,M.McCaffrey,WR
00-0032980,M.Johnson,WR
00-0033006,J.Mickens,WR
00-0033043,A.Traylor,TE
00-0033087,M.Bundy,WR
00-0033094,M.Hall,WR
00-0033095,G.Griffin,TE
00-0033258,D.Daniels,TE
00-0033266,J.Natson,WR
00-0033280,C.McCaffrey,RB
00-0033282,C.Samuel,WR
00-0033288,G.Kittle,TE
00-0033292,T.Taylor,WR
00-0033293,A.Jones,RB
00-0033295,E.McGuire,RB
00-0033304,D.Mays,RB
00-0033307,K.Bourne,WR
00-0033308,M.Breida,RB
00-0033315,C.Hikutini,TE
00-0033338,C.Carter,TE
00-0033352,M.Clark,WR
00-0033376,P.Ricard,FB
00-0033384,L.Daniels,RB
00-0033387,J.Hollister,TE
00-0033413,D.Smith,RB
00-0033421,A.Auclair,TE
00-0033434,B.Wilson,WR
00-0033449,I.Whitney,WR
00-0033460,J.Ross,WR
00-0033464,J.Chesson,WR
00-0033466,I.McKenzie,WR
00-0033514,E.Byrd,TE
00-0033526,S.Perine,RB
00-0033528,J.Sprinkle,TE
00-0033536,M.Williams,WR
00-0033537,D.Watson,QB
00-0033553,J.Conner,RB
00-0033555,M.Hollins,WR
00-0033556,T.Cohen,RB
00-0033559,M.Roberts,TE
00-0033562,R.Switzer,WR
00-0033567,B.Hill,RB
00-0033572,J.Agnew,WR
00-0033573,S.Gibson,WR
00-0033581,D.Henderson,RB
00-0033591,N.Brown,WR
00-0033594,C.Carson,RB
00-0033596,M.Dayes,RB
00-0033611,R.Seals-Jones,TE
00-0033633,T.Gentry,WR
00-0033662,C.Rush,QB
00-0033681,K.Cole,WR
00-0033699,A.Ekeler,RB
00-0033717,T.Rudolph,WR
00-0033725,C.Clement,RB
00-0033748,Ti.Green,RB
00-0033760,J.Davis,RB
00-0033796,M.Williams,FB
00-0033838,T.Edmunds,RB
00-0033839,D.Westbrook,WR
00-0033840,C.Hansen,WR
00-0033855,C.Thompson,WR
00-0033856,L.Fournette,RB
00-0033857,J.Smith-Schuster,WR
00-0033858,J.Smith,TE
00-0033859,J.Malone,WR
00-0033869,M.Trubisky,QB
00-0033871,C.Davis,WR
00-0033873,P.Mahomes,QB
00-0033879,O.Howard,TE
00-0033881,E.Engram,TE
00-0033885,D.Njoku,TE
00-0033891,Z.Jones,WR
00-0033893,D.Cook,RB
00-0033895,G.Everett,TE
00-0033896,A.Shaheen,TE
00-0033897,J.Mixon,RB
00-0033899,D.Kizer,QB
00-0033906,A.Kamara,RB
00-0033908,C.Kupp,WR
00-0033911,T.Taylor,WR
00-0033916,A.Stewart,WR
00-0033921,C.Godwin,WR
00-0033923,K.Hunt,RB
00-0033925,D.Foreman,RB
00-0033932,K.Golladay,WR
00-0033933,C.Williams,WR
00-0033936,C.Beathard,QB
00-0033937,A.Darboh,WR
00-0033943,J.Reynolds,WR
00-0033948,J.Williams,RB
00-0033950,W.Gallman,RB
00-0033951,M.Mack,RB
00-0033958,N.Peterman,QB
00-0033968,S.Coley,WR
00-0025580,M.Crosby,K
00-0025944,S.Hauschka,K
00-0029091,B.Sowell,TE
00-0031136,C.Boswell,K
00-0031395,G.Gilbert,QB
00-0031763,D.Carter,WR
00-0031787,J.Kumerow,WR
00-0032436,J.Driskel,QB
00-0032634,D.Grinnage,TE
00-0032707,A.Jones,WR
00-0033049,D.Jackson,RB
00-0033054,R.Gathers,TE
00-0033217,M.Alie-Cox,TE
00-0033246,J.Mundt,TE
00-0033251,Z.Pascal,WR
00-0033296,A.Armah,RB
00-0033306,V.Bolden,WR
00-0033319,N.Mullens,QB
00-0033357,T.Hill,QB
00-0033373,T.Mizzell,RB
00-0033374,R.Ortiz,FB
00-0033375,T.Patrick,WR
00-0033379,T.White,WR
00-0033382,A.Carr,WR
00-0033441,K.Hatcher,WR
00-0033455,A.Firkser,TE
00-0033471,I.Ford,WR
00-0033474,G.Dieter,WR
00-0033481,M.Kemp,WR
00-0033564,J.Butt,TE
00-0033576,E.Saubert,TE
00-0033589,D.Moore,WR
00-0033597,C.Kelly,QB
00-0033627,J.Croom,TE
00-0033658,B.Jarwin,TE
00-0033696,S.Culkin,TE
00-0033742,T.Swoopes,TE
00-0033757,R.Tonyan,TE
00-0033773,R.McCarron,WR
00-0033789,T.Logan,RB
00-0033949,J.Dobbs,QB
00-0033953,J.Leggett,TE
00-0033955,J.McNichols,RB
00-0034011,D.Arnold,TE
00-0034052,B.Zylstra,WR
00-0034054,R.Cracraft,WR
00-0034073,R.Dwelley,TE
00-0034101,M.Flanagan,TE
00-0034109,P.Lindsay,RB
00-0034115,J.Wilson,RB
00-0034159,W.Dissly,TE
00-0034164,T.Cannon,RB
00-0034184,G.Edwards,RB
00-0034201,D.Turner,RB
00-0034208,M.Boone,RB
00-0034221,R.Thomas,RB
00-0034253,D.Hilliard,RB
00-0034258,D.Willies,WR
00-0034268,J.Moore,WR
00-0034270,T.Conklin,TE
00-0034272,M.Valdes-Scantling,WR
00-0034273,D.Ratley,WR
00-0034279,E.St. Brown,WR
00-0034286,R.James,WR
00-0034301,D.Williams,RB
00-0034309,C.Beebe,WR
00-0034317,K.Kirkwood,WR
00-0034331,J.Samuels,RB
00-0034339,T.Quinn,WR
00-0034343,J.Rosen,QB
00-0034348,C.Sutton,WR
00-0034349,K.Johnson,RB
00-0034351,D.Goedert,TE
00-0034353,A.Miller,WR
00-0034364,J.Akins,TE
00-0034365,I.Thomas,TE
00-0034366,K.Coutee,WR
00-0034367,N.Hines,RB
00-0034369,K.Lauletta,QB
00-0034370,D.Hamilton,WR
00-0034378,I.Smith,RB
00-0034383,D.Schultz,TE
00-0034386,J.Watson,WR
00-0034400,J.Wilkins,RB
00-0034407,R.McCloud,WR
00-0034411,R.Gage,WR
00-0034420,J.Thomas,TE
00-0034426,J.Wims,WR
00-0034427,Da.Williams,RB
00-0034440,J.Jackson,RB
00-0034457,J.Adams,RB
00-0034487,T.Sherfield,WR
00-0034489,J.Tolliver,WR
00-0034499,J.Davis,WR
00-0034509,K.Ford,RB
00-0034510,R.Foster,WR
00-0034512,C.Phillips,WR
00-0034521,A.Lazard,WR
00-0034532,J.Franks,TE
00-0034560,J.Jones,WR
00-0034565,D.Newsome,RB
00-0034577,K.Allen,QB
00-0034593,C.Lacy,WR
00-0034621,S.Wilson,RB
00-0034631,V.Smith,WR
00-0034646,B.Powell,WR
00-0034652,C.Batson,WR
00-0034653,D.Burnett,WR
00-0034676,J.Washington,WR
00-0034679,M.Walton,HB
00-0034681,C.Edmonds,RB
00-0034686,A.Tate,WR
00-0034710,D.Kidsy,WR
00-0034747,M.Ateman,WR
00-0034750,R.Penny,RB
00-0034753,M.Andrews,TE
00-0034764,M.Gallup,WR
00-0034765,T.Smith,WR
00-0034766,C.Herndon,TE
00-0034772,A.Callaway,WR
00-0034775,C.Kirk,WR
00-0034777,D.Chark,WR
00-0034791,N.Chubb,RB
00-0034796,L.Jackson,QB
00-0034798,D.Smythe,TE
00-0034799,K.Ballage,RB
00-0034808,J.Kelly,RB
00-0034816,R.Jones,RB
00-0034827,D.Moore,WR
00-0034829,M.Gesicki,TE
00-0034830,H.Hurst,TE
00-0034837,C.Ridley,WR
00-0034838,R.Freeman,RB
00-0034844,S.Barkley,RB
00-0034845,S.Michel,RB
00-0034854,K.Hodge,WR
00-0034855,B.Mayfield,QB
00-0034857,J.Allen,QB
00-0034860,D.Pettis,WR
00-0034867,M.Turner,WR
00-0034869,S.Darnold,QB
00-0029857,R.Griffin,QB
00-0031319,D.Spencer,WR
00-0032434,B.Allen,QB
00-0032540,T.Carson,RB
00-0032728,Te.Jones,WR
00-0032945,D.Williams,WR
00-0032986,J.Holtz,TE
00-0033215,C.Grayson,WR
00-0033357,T.Hill,TE
00-0033367,C.Board,WR
00-0033386,C.Hollister,WR
00-0033439,P.Brown,TE
00-0033530,R.Davis,WR
00-0033604,K.Hogan,WR
00-0033705,A.Patton,WR
00-0033733,G.Ward,WR
00-0033787,J.Elliott,K
00-0033854,D.Ogunbowale,RB
00-0033994,F.Brown,WR
00-0034034,R.Davis,WR
00-0034081,S.Mitchell,WR
00-0034104,C.Sims,WR
00-0034132,C.Blake,WR
00-0034177,T.Boyle,QB
00-0034256,D.Scott,WR
00-0034267,J.Scott,WR
00-0034297,B.Pringle,WR
00-0034319,D.Yelder,TE
00-0034358,D.Guice,RB
00-0034367,N.Miller-Hines,RB
00-0034393,T.Fumagalli,TE
00-0034406,D.Cain,WR
00-0034412,L.Falk,QB
00-0034414,B.Scott,RB
00-0034418,C.Wilson,WR
00-0034419,B.Berrios,WR
00-0034432,B.Scarbrough,RB
00-0034433,N.Bawden,FB
00-0034439,R.Izzo,TE
00-0034449,B.Howell,RB
00-0034578,R.Bonnafon,RB
00-0034597,R.Nall,RB
00-0034613,T.Hudson,TE
00-0034654,D.Dawkins,RB
00-0034660,R.Gafford,WR
00-0034705,J.Franklin,WR
00-0034735,C.McElroy,TE
00-0034771,M.Rudolph,QB
00-0034788,J.Graham,TE
00-0034794,J.Sanders,K
00-0034922,I.Hyman,WR
00-0034928,S.Sims,WR
00-0034959,A.Beck,FB
00-0034960,J.Meyers,WR
00-0034970,I.Smith,TE
00-0034972,A.Mattison,RB
00-0034975,J.Hill,RB
00-0034981,F.Moreau,TE
00-0034983,H.Renfrow,WR
00-0034988,K.Smith,TE
00-0034995,D.Williams,RB
00-0035006,O.Johnson,WR
00-0035013,J.Hilliman,RB
00-0035021,A.Dulin,WR
00-0035025,H.Hentges,TE
00-0035039,S.Carlson,TE
00-0035040,D.Blough,QB
00-0035099,K.Blasingame,FB
00-0035104,A.Hollins,WR
00-0035120,K.Doss,WR
00-0035125,A.Ingold,FB
00-0035140,M.Hardman,WR
00-0035146,T.McSorley,QB
00-0035148,D.Thompson,RB
00-0035181,D.Shepherd,WR
00-0035184,D.Ozigbo,RB
00-0035208,O.Zaccheaus,WR
00-0035215,D.Harty,WR
00-0035216,D.Johnson,WR
00-0035217,B.Snell,RB
00-0035222,Z.Gentry,TE
00-0035228,K.Murray,QB
00-0035229,T.Hockenson,TE
00-0035232,D.Haskins,QB
00-0035243,M.Sanders,RB
00-0035246,J.Arcega-Whiteside,WR
00-0035249,J.Oliver,TE
00-0035250,D.Singletary,RB
00-0035251,W.Grier,QB
00-0035259,T.Wesco,TE
00-0035261,T.Pollard,RB
00-0035264,J.Stidham,QB
00-0035268,R.Armstead,RB
00-0035273,Q.Ollison,RB
00-0035275,J.Scarlett,RB
00-0035287,K.Johnson,WR
00-0035289,G.Minshew,QB
00-0035297,K.Harmon,WR
00-0035298,S.Miller,WR
00-0035308,T.Sweeney,TE
00-0035311,M.Gaskin,RB
00-0035342,P.Laird,RB
00-0035350,P.Williams,WR
00-0035374,M.Walker,WR
00-0035399,S.Morgan,WR
00-0035401,D.Willis,WR
00-0035406,L.Humphrey,WR
00-0035414,J.Guyton,WR
00-0035432,J.Moore,WR
00-0035489,W.Hills,RB
00-0035510,J.Smith,WR
00-0035527,A.Isabella,WR
00-0035535,D.Slayton,WR
00-0035537,T.Johnson,RB
00-0035539,I.Nauta,TE
00-0035548,V.Bryant,WR
00-0035551,T.Brooks-James,RB
00-0035553,C.Jones,TE
00-0035562,J.Horsted,TE
00-0035577,D.Hodges,QB
00-0035590,R.Ridley,WR
00-0035592,T.Fulgham,WR
00-0035594,T.Homer,RB
00-0035596,K.Whyte,RB
00-0035597,J.Ursua,WR
00-0035624,N.Harry,TE
00-0035628,D.Johnson,RB
00-0035631,D.Sample,TE
00-0035639,P.Campbell,WR
00-0035640,D.Metcalf,WR
00-0035644,N.Fant,TE
00-0035645,G.Olszewski,WR
00-0035652,R.Finley,QB
00-0035657,D.Harris,RB
00-0035659,T.McLaurin,WR
00-0035662,M.Brown,WR
00-0035664,D.Henderson,RB
00-0035671,J.Sternberger,TE
00-0035676,A.Brown,WR
00-0035685,D.Montgomery,RB
00-0035689,D.Knox,TE
00-0035700,J.Jacobs,RB
00-0035703,M.Boykin,WR
00-0035704,D.Lock,QB
00-0035710,D.Jones,QB
00-0035719,D.Samuel,WR
00-0035726,J.Johnson,FB
00-0033112,T.Hemingway,TE
00-0033275,P.Walker,QB
00-0033720,C.Thompson,TE
00-0033798,M.Schreck,TE
00-0034169,M.Baugh,TE
00-0034171,J.Cabinda,FB
00-0034192,N.Keizer,TE
00-0034193,K.Rader,TE
00-0034207,J.Badet,WR
00-0034395,D.Fountain,WR
00-0034438,L.Woodside,QB
00-0034899,J.Wolford,QB
00-0034955,B.Rypien,QB
00-0035022,P.Hart,WR
00-0035102,B.Dillon,TE
00-0035161,J.Lovett,QB
00-0035187,A.Walter,RB
00-0035282,E.Stick,QB
00-0035291,T.Williams,RB
00-0035304,C.Gillaspia,FB
00-0035310,C.Cox,FB
00-0035313,T.Godwin,WR
00-0035329,D.Parham,TE
00-0035341,T.Irwin,WR
00-0035457,T.Johnson,WR
00-0035480,M.Taylor,WR
00-0035529,H.Butler,WR
00-0035567,C.Reynolds,RB
00-0035660,K.Warring,TE
00-0035752,C.Streveler,QB
00-0035806,J.Hasty,RB
00-0035823,B.Ellefson,TE
00-0035831,J.Robinson,RB
00-0035848,D.Harris,WR
00-0035860,T.Jones,RB
00-0035864,K.Hinton,WR
00-0035869,A.Mack,WR
00-0035908,G.Nabers,FB
00-0035912,L.Bellamy,RB
00-0035924,J.Ward,RB
00-0035957,R.Smith,RB
00-0035993,T.Huntley,QB
00-0036000,A.Killins,RB
00-0036005,N.Togiai,TE
00-0036008,H.Bryant,TE
00-0036020,S.Ahmed,RB
00-0036040,J.Johnson,TE
00-0036069,S.Phillips,RB
00-0036096,J.Taylor,RB
00-0036100,I.Zuber,WR
00-0036110,J.Bradley,WR
00-0036133,J.Proche,WR
00-0036139,R.Dowdle,RB
00-0036142,I.Wright,WR
00-0036145,L.Cager,TE
00-0036158,J.Dobbins,RB
00-0036182,N.Westbrook-Ikhine,WR
00-0036187,R.Gilliam,FB
00-0036188,A.Williams,RB
00-0036194,D.Asiasi,TE
00-0036196,G.Davis,WR
00-0036208,A.Pierce,RB
00-0036212,T.Tagovailoa,QB
00-0036219,M.Callaway,WR
00-0036223,J.Taylor,RB
00-0036225,D.Keene,TE
00-0036232,H.Bryant,TE
00-0036233,D.Peoples-Jones,WR
00-0036244,C.Parkinson,TE
00-0036245,M.Perry,RB
00-0036247,F.Swain,WR
00-0036250,T.Davis,TE
00-0036251,Z.Moss,RB
00-0036252,M.Pittman,WR
00-0036254,C.Johnson,WR
00-0036255,D.Mims,WR
00-0036261,B.Aiyuk,WR
00-0036265,A.Dillon,RB
00-0036268,L.Shenault,WR
00-0036269,L.Perine,RB
00-0036271,Q.Watkins,WR
00-0036275,D.Swift,RB
00-0036277,Q.Cephus,WR
00-0036278,J.Huntley,RB
00-0036290,C.Kmet,TE
00-0036297,D.Evans,RB
00-0036309,D.Mooney,WR
00-0036312,J.Luton,QB
00-0036322,J.Jefferson,WR
00-0036326,C.Claypool,WR
00-0036328,A.Gibson,RB
00-0036331,D.Duvernay,WR
00-0036332,J.Deguara,TE
00-0036336,A.McFarland,RB
00-0036340,A.Gandy-Golden,WR
00-0036355,J.Herbert,QB
00-0036357,H.Ruggs,WR
00-0036358,C.Lamb,WR
00-0036360,C.Edwards-Helaire,RB
00-0036364,L.Bowden,WR
00-0036365,B.Edwards,WR
00-0036370,J.Kelley,RB
00-0036377,J.Reed,WR
00-0036382,K.Hill,WR
00-0036384,B.DiNucci,QB
00-0036387,J.Reagor,WR
00-0036389,J.Hurts,QB
00-0036398,J.Hightower,WR
00-0036407,J.Jeudy,WR
00-0036410,T.Higgins,WR
00-0036412,K.Hamler,WR
00-0036414,C.Akers,RB
00-0036415,V.Jefferson,WR
00-0036422,A.Trautman,TE
00-0036423,A.Okwuegbunam,TE
00-0036425,D.Dallas,RB
00-0036427,T.Johnson,WR
00-0036429,C.Woerner,TE
00-0036433,T.Stevens,TE
00-0036439,T.Cleveland,WR
00-0036442,J.Burrow,QB
00-0036450,K.Vaughn,RB
00-0036456,D.Dafney,TE
00-0033550,D.Webb,QB
00-0033957,R.Adams,WR
00-0034131,K.Benkert,QB
00-0034311,J.Stanton,FB
00-0034401,M.White,QB
00-0034614,G.Igwebuike,RB
00-0034672,E.Wolf,TE
00-0034930,T.Benson,WR
00-0035045,D.Montgomery,WR
00-0035101,D.Davis,WR
00-0035126,A.Wesley,WR
00-0035345,C.Myarick,TE
00-0035356,T.Jackson,TE
00-0035359,D.Sills,WR
00-0035428,D.Helm,TE
00-0035448,D.Crockett,RB
00-0035500,G.Dortch,WR
00-0035544,T.Kennedy,WR
00-0035547,J.Fortson,TE
00-0035572,P.Hesse,TE
00-0035593,J.Winfree,WR
00-0035602,A.Bachman,WR
00-0035603,K.Blanton,TE
00-0035624,N.Harry,WR
00-0035715,D.Gore,RB
00-0035760,J.Patrick,RB
00-0035771,M.Wilcox,TE
00-0035835,N.Cottrell,RB
00-0035844,K.Merritt,WR
00-0035883,M.Ffrench,WR
00-0035891,C.White,WR
00-0035898,D.Bradwell,RB
00-0035956,G.Ricci,TE
00-0035973,P.Taylor,RB
00-0036032,S.McKeon,TE
00-0036080,E.Winston,WR
00-0036173,T.Hudson,TE
00-0036183,K.Wilkerson,WR
00-0036197,J.Fromm,QB
00-0036226,J.Eason,QB
00-0036228,D.Patmon,WR
00-0036259,J.Jennings,WR
00-0036264,J.Love,QB
00-0036308,I.Coulter,WR
00-0036345,K.Osborn,WR
00-0036383,E.Benjamin,RB
00-0036424,B.Hopkins,TE
00-0036438,S.Sullivan,TE
00-0036457,T.Williams,RB
00-0036482,M.Strachan,WR
00-0036491,T.Black,WR
00-0036493,D.Jackson,RB
00-0036510,K.Yeboah,TE
00-0036523,T.Ragas,RB
00-0036534,S.Zylstra,TE
00-0036550,R.Bateman,WR
00-0036554,N.Collins,WR
00-0036555,C.Hubbard,RB
00-0036556,B.Jordan,TE
00-0036567,E.Mitchell,RB
00-0036569,G.Brightwell,RB
00-0036572,S.Smith,WR
00-0036582,N.McCrary,RB
00-0036613,J.Waddle,WR
00-0036620,D.Eskridge,WR
00-0036626,D.Brown,WR
00-0036627,D.Fitzpatrick,WR
00-0036628,J.Bates,TE
00-0036630,T.Wallace,WR
00-0036635,I.Smith-Marsette,WR
00-0036637,N.Gray,TE
00-0036650,L.Rountree,RB
00-0036652,R.McMath,WR
00-0036654,D.Felton,RB
00-0036657,S.Williams,WR
00-0036669,K.Hill,RB
00-0036670,J.Jefferson,RB
00-0036671,D.Milne,WR
00-0036698,M.Sargent,RB
00-0036727,A.Prentice,FB
00-0036741,J.Stoll,TE
00-0036754,B.Wright,TE
00-0036755,J.Patterson,RB
00-0036768,J.Hardy,RB
00-0036825,F.Franks,TE
00-0036842,K.Nwangwu,RB
00-0036857,C.Evans,RB
00-0036860,J.Funk,RB
00-0036862,B.Skowronek,WR
00-0036875,R.Stevenson,RB
00-0036876,K.Granson,TE
00-0036877,J.Darden,WR
00-0036879,S.Ehlinger,QB
00-0036887,L.Farrell,TE
00-0036893,N.Harris,RB
00-0036894,P.Freiermuth,TE
00-0036898,D.Mills,QB
00-0036900,J.Chase,WR
00-0036906,K.Herbert,RB
00-0036907,D.Newsome,WR
00-0036910,C.Saunders,WR
00-0036912,D.Smith,WR
00-0036913,K.Toney,WR
00-0036919,K.Gainwell,RB
00-0036924,M.Carter,RB
00-0036929,I.Book,QB
00-0036936,R.Moore,WR
00-0036945,J.Fields,QB
00-0036946,K.Mond,QB
00-0036951,F.Darby,WR
00-0036955,T.Marshall,WR
00-0036963,A.St. Brown,WR
00-0036970,K.Pitts,TE
00-0036971,T.Lawrence,QB
00-0036972,M.Jones,QB
00-0036980,E.Moore,WR
00-0036984,T.Sermon,RB
00-0036988,J.Palmer,WR
00-0036991,A.Rodgers,WR
00-0036997,J.Williams,RB
00-0036999,A.Schwartz,WR
00-0037004,H.Long,TE
00-0037005,T.Tremble,TE
00-0037011,T.McKitty,TE
00-0037012,T.Lance,QB
00-0037013,Z.Wilson,QB
00-0035621,N.Webster,WR
00-0035876,A.Baccellia,WR
00-0035939,B.Perkins,QB
00-0036059,T.Mabry,TE
00-0036165,I.Hodgins,WR
00-0036176,M.Kinsey,WR
00-0036497,T.Jones,WR
00-0036527,D.Turner,WR
00-0036543,S.Brown,RB
00-0036590,Q.Morris,TE
00-0036646,S.Fehoko,WR
00-0036692,M.Forristall,TE
00-0036810,C.Johnson,WR
00-0036829,C.Huntley,RB
00-0036841,A.Trammell,WR
00-0036849,T.Atwell,WR
00-0036858,J.Camp,WR
00-0036918,J.Harris,WR
00-0036928,K.Trask,QB
00-0036950,A.Williams,RB
00-0036959,M.Bandy,WR
00-0036973,T.Etienne,RB
00-0037055,L.McCutcheon,WR
00-0037077,S.Howell,QB
00-0037078,C.Turner,TE
00-0037085,T.Badie,RB
00-0037086,G.Calcaterra,TE
00-0037087,T.Ebner,RB
00-0037093,D.Young,WR
00-0037098,S.Toure,WR
00-0037112,J.Tonges,TE
00-0037157,Z.Knight,RB
00-0037168,A.Rogers,TE
00-0037175,A.Brown,QB
00-0037197,I.Pacheco,RB
00-0037228,J.Warren,RB
00-0037238,D.London,WR
00-0037239,C.Olave,WR
00-0037240,J.Williams,WR
00-0037247,G.Pickens,WR
00-0037248,J.Cook,RB
00-0037252,G.Dulcich,TE
00-0037256,R.White,RB
00-0037257,D.Bell,WR
00-0037258,D.Pierce,RB
00-0037261,K.Shakir,WR
00-0037263,T.Allgeier,RB
00-0037265,S.Conner,RB
00-0037267,J.Ford,RB
00-0037272,M.Washington,WR
00-0037273,K.Philips,WR
00-0037276,T.Chandler,RB
00-0037277,T.Quitoriano,TE
00-0037282,J.Mitchell,TE
00-0037286,K.Harris,RB
00-0037291,J.Nailor,WR
00-0037299,K.Ingram,RB
00-0037300,M.Woods,WR
00-0037304,C.Heyward,TE
00-0037311,K.Kieft,TE
00-0037327,S.Thompson,QB
00-0037331,Z.Horvath,RB
00-0037348,T.Conner,WR
00-0037355,B.Sanders,WR
00-0037382,B.Johnson,WR
00-0037387,J.Virgil,WR
00-0037429,R.Blackshear,RB
00-0037456,T.Hairston,FB
00-0037475,S.Smartt,TE
00-0037487,D.Thompkins,WR
00-0037525,J.Mason,RB
00-0037545,R.Shaheed,WR
00-0037557,R.Rivers,RB
00-0037563,M.Davis,RB
00-0037569,P.Hendershot,TE
00-0037570,D.Houston,WR
00-0037594,J.Chestnut,RB
00-0037617,H.Haskins,RB
00-0037664,A.Pierce,WR
00-0037666,J.Tolbert,WR
00-0037708,M.Alexander,WR
00-0037740,G.Wilson,WR
00-0037741,J.Dotson,WR
00-0037742,T.Burks,WR
00-0037744,T.McBride,TE
00-0037745,V.Jones,WR
00-0037746,B.Robinson,RB
00-0037755,J.Woods,TE
00-0037801,K.Turpin,WR
00-0037805,J.Ruckert,TE
00-0037809,C.Okonkwo,TE
00-0037816,R.Doubs,WR
00-0037827,T.Davis-Price,RB
00-0037828,D.Gray,WR
00-0037834,B.Purdy,QB
00-0037838,I.Likely,TE
00-0037840,K.Williams,RB
00-0038040,Z.White,RB
00-0038041,J.Ferguson,TE
00-0038045,I.Spiller,RB
00-0038046,C.Kolar,TE
00-0038090,S.Moore,WR
00-0038092,E.Ezukanma,WR
00-0038098,P.Strong,RB
00-0038102,K.Pickett,QB
00-0038104,T.Thornton,WR
00-0038108,B.Zappe,QB
00-0038115,D.Bellinger,TE
00-0038117,W.Robinson,WR
00-0038120,B.Hall,RB
00-0038122,D.Ridder,QB
00-0038124,C.Watson,WR
00-0038128,M.Willis,QB
00-0038129,C.Otton,TE
00-0038134,K.Walker,RB
00-0038147,D.Baldwin,WR
00-0038149,J.Ali,WR
00-0034575,D.Wells,TE
00-0035100,J.Browning,QB
00-0035164,C.Thompson,WR
00-0035934,T.Jackson,WR
00-0037091,B.Melton,WR
00-0037120,T.Goodson,RB
00-0037132,B.Covey,WR
00-0037156,I.Charles,WR
00-0037216,J.Ross,WR
00-0037292,A.Ogletree,TE
00-0037306,J.FitzPatrick,TE
00-0037317,N.Muse,TE
00-0037410,J.Corbin,RB
00-0037420,K.Lassiter,WR
00-0037451,R.Williams,TE
00-0037506,C.Fotheringham,TE
00-0037539,L.Krull,TE
00-0037614,J.Metchie,WR
00-0037654,T.Fisk,TE
00-0037745,V.Jones,RB
00-0037837,C.Austin,WR
00-0038389,I.Abanikanda,RB
00-0038391,S.Clifford,QB
00-0038393,D.Wicks,WR
00-0038394,W.Mallory,TE
00-0038396,E.Gray,RB
00-0038397,E.Hull,RB
00-0038416,T.Bagent,QB
00-0038454,K.Mitchell,RB
00-0038465,M.Heath,WR
00-0038476,T.DeVito,QB
00-0038492,J.Brownlee,WR
00-0038496,X.Gipson,WR
00-0038542,B.Robinson,RB
00-0038543,J.Smith-Njigba,WR
00-0038544,Q.Johnston,WR
00-0038547,L.Schoonmaker,TE
00-0038551,K.Miller,RB
00-0038555,T.Bigsby,RB
00-0038558,D.Washington,TE
00-0038559,M.Wilson,WR
00-0038563,T.Tucker,WR
00-0038573,D.Davis,WR
00-0038576,C.Jones,WR
00-0038579,A.O'Connell,QB
00-0038582,C.Tune,QB
00-0038583,D.Thompson-Robinson,QB
00-0038589,J.Whyle,TE
00-0038597,C.Brown,RB
00-0038598,J.Hall,QB
00-0038606,P.Washington,WR
00-0038608,K.Boutte,WR
00-0038611,C.Rodriguez,RB
00-0038612,A.Perry,WR
00-0038618,X.Hutchinson,WR
00-0038619,A.Iosivas,WR
00-0038621,D.Douglas,WR
00-0038622,D.Vaughn,RB
00-0038627,A.Green,WR
00-0038632,C.Dowell,WR
00-0038640,J.Brooks,WR
00-0038647,R.Bell,WR
00-0038667,E.Cooks,WR
00-0038678,J.Mims,RB
00-0038685,C.Brooks,RB
00-0038705,E.Demercado,RB
00-0038720,J.Hill,TE
00-0038738,H.Luepke,FB
00-0038752,J.Bobo,WR
00-0038783,N.Adkins,TE
00-0038794,J.McLaughlin,RB
00-0038797,E.Wilson,RB
00-0038809,B.Sims,TE
00-0038821,R.Jarrett,WR
00-0038862,E.Dotson,RB
00-0038891,S.Jackson,WR
00-0038911,M.Cunningham,WR
00-0038933,D.Kincaid,TE
00-0038935,B.Strange,TE
00-0038938,J.Hyatt,WR
00-0038941,T.Scott,WR
00-0038951,S.Tucker,RB
00-0038976,M.Mims,WR
00-0038977,T.Dell,WR
00-0038979,C.Tillman,WR
00-0038994,J.Addison,WR
00-0038996,T.Kraft,TE
00-0038997,J.Downs,WR
00-0039021,R.Johnson,RB
00-0039032,T.Spears,RB
00-0039040,D.Achane,RB
00-0039041,E.Higgins,TE
00-0039050,P.Durham,TE
00-0039052,T.Palmer,WR
00-0039062,J.Mingo,WR
00-0039064,Z.Flowers,WR
00-0039065,S.LaPorta,TE
00-0039066,M.Mayer,TE
00-0039067,R.Rice,WR
00-0039074,D.Allen,TE
00-0039075,P.Nacua,WR
00-0039136,Z.Evans,RB
00-0039139,J.Gibbs,RB
00-0039144,L.Musgrave,TE
00-0039146,J.Reed,WR
00-0039150,B.Young,QB
00-0039152,W.Levis,QB
00-0039163,C.Stroud,QB
00-0039164,A.Richardson,QB
00-0039165,Z.Charbonnet,RB
